tff_id,team,player,tff_pos,tff_cost,2024-08-16T19:00:00Z,2024-08-17T11:30:00Z,2024-08-17T14:00:00Z,2024-08-17T16:30:00Z,2024-08-18T13:00:00Z,2024-08-18T15:30:00Z,2024-08-19T19:00:00Z,2024-08-24T11:30:00Z,2024-08-24T14:00:00Z,2024-08-24T16:30:00Z,2024-08-25T13:00:00Z,2024-08-25T15:30:00Z,2024-08-31T11:30:00Z,2024-08-31T14:00:00Z,2024-08-31T16:30:00Z,2024-09-01T12:30:00Z,2024-09-01T15:00:00Z,2024-09-14T11:30:00Z,2024-09-14T14:00:00Z,2024-09-14T16:30:00Z,2024-09-14T19:00:00Z,2024-09-15T13:00:00Z,2024-09-15T15:30:00Z,2024-09-21T11:30:00Z,2024-09-21T14:00:00Z,2024-09-21T16:30:00Z,2024-09-22T13:00:00Z,2024-09-22T15:30:00Z,2024-09-28T11:30:00Z,2024-09-28T14:00:00Z,2024-09-28T16:30:00Z,2024-09-29T13:00:00Z,2024-09-29T15:30:00Z,2024-09-30T19:00:00Z,total_pts,ppm
223094,MCI,Haaland,F,8.5,0.0,0.0,0.0,0.0,0.0,6.24,0.0,0.0,8.74,0.0,0.0,0.0,0.0,0.0,6.65,0.0,0.0,0.0,7.24,0.0,0.0,0.0,0.0,0.0,0.0,0.0,0.0,4.64,5.88,0.0,0.0,0.0,0.0,0.0,39.4,4.64
118748,LIV,M.Salah,F,7.2,0.0,6.5,0.0,0.0,0.0,0.0,0.0,0.0,0.0,0.0,0.0,6.76,0.0,0.0,0.0,0.0,5.93,0.0,6.24,0.0,0.0,0.0,0.0,0.0,6.47,0.0,0.0,0.0,0.0,0.0,5.85,0.0,0.0,0.0,37.75,5.24
223340,ARS,Saka,M,5.8,0.0,0.0,6.9,0.0,0.0,0.0,0.0,0.0,0.0,5.48,0.0,0.0,6.36,0.0,0.0,0.0,0.0,0.0,0.0,0.0,0.0,5.39,0.0,0.0,0.0,0.0,0.0,3.88,0.0,6.84,0.0,0.0,0.0,0.0,34.85,6.01
178301,AVL,Watkins,F,5.7,0.0,0.0,0.0,5.56,0.0,0.0,0.0,0.0,0.0,3.89,0.0,0.0,0.0,5.36,0.0,0.0,0.0,0.0,0.0,5.55,0.0,0.0,0.0,0.0,6.28,0.0,0.0,0.0,0.0,0.0,0.0,5.71,0.0,0.0,32.35,5.68
244851,CHE,Palmer,M,5.8,0.0,0.0,0.0,0.0,0.0,4.35,0.0,0.0,0.0,0.0,5.7,0.0,0.0,0.0,0.0,5.65,0.0,0.0,0.0,0.0,5.07,0.0,0.0,5.69,0.0,0.0,0.0,0.0,0.0,5.69,0.0,0.0,0.0,0.0,32.15,5.54
85971,TOT,Son,F,6.4,0.0,0.0,0.0,0.0,0.0,0.0,5.52,0.0,5.81,0.0,0.0,0.0,0.0,0.0,0.0,5.13,0.0,0.0,0.0,0.0,0.0,3.94,0.0,0.0,5.7,0.0,0.0,0.0,0.0,0.0,0.0,0.0,5.28,0.0,31.38,4.9
219168,NEW,Isak,F,5.1,0.0,0.0,6.2,0.0,0.0,0.0,0.0,0.0,0.0,0.0,4.62,0.0,0.0,0.0,0.0,5.49,0.0,0.0,0.0,0.0,0.0,0.0,4.88,0.0,4.69,0.0,0.0,0.0,3.74,0.0,0.0,0.0,0.0,0.0,29.61,5.81
184029,ARS,Ødegaard,M,5.3,0.0,0.0,5.72,0.0,0.0,0.0,0.0,0.0,0.0,4.44,0.0,0.0,4.98,0.0,0.0,0.0,0.0,0.0,0.0,0.0,0.0,4.24,0.0,0.0,0.0,0.0,0.0,3.32,0.0,5.47,0.0,0.0,0.0,0.0,28.18,5.32
141746,MUN,B.Fernandes,M,6.4,5.28,0.0,0.0,0.0,0.0,0.0,0.0,4.41,0.0,0.0,0.0,0.0,0.0,0.0,0.0,0.0,4.32,4.91,0.0,0.0,0.0,0.0,0.0,0.0,0.0,4.29,0.0,0.0,0.0,0.0,0.0,0.0,4.96,0.0,28.16,4.4
232413,CRY,Eze,M,3.9,0.0,0.0,0.0,0.0,4.36,0.0,0.0,0.0,5.25,0.0,0.0,0.0,0.0,0.0,0.0,4.02,0.0,0.0,4.7,0.0,0.0,0.0,0.0,0.0,0.0,4.69,0.0,0.0,0.0,3.95,0.0,0.0,0.0,0.0,26.97,6.91
154566,BOU,Solanke,F,4.4,0.0,0.0,4.44,0.0,0.0,0.0,0.0,0.0,0.0,0.0,4.92,0.0,0.0,4.23,0.0,0.0,0.0,0.0,0.0,0.0,4.59,0.0,0.0,0.0,3.57,0.0,0.0,0.0,0.0,0.0,0.0,0.0,0.0,5.15,26.9,6.11
209244,MCI,Foden,M,5.4,0.0,0.0,0.0,0.0,0.0,4.29,0.0,0.0,5.69,0.0,0.0,0.0,0.0,0.0,4.48,0.0,0.0,0.0,4.89,0.0,0.0,0.0,0.0,0.0,0.0,0.0,0.0,3.41,4.07,0.0,0.0,0.0,0.0,0.0,26.83,4.97
154561,ARS,Raya,G,4.3,0.0,0.0,4.95,0.0,0.0,0.0,0.0,0.0,0.0,4.03,0.0,0.0,4.76,0.0,0.0,0.0,0.0,0.0,0.0,0.0,0.0,3.8,0.0,0.0,0.0,0.0,0.0,3.42,0.0,5.03,0.0,0.0,0.0,0.0,26.0,6.05
116535,LIV,A.Becker,G,4.5,0.0,4.37,0.0,0.0,0.0,0.0,0.0,0.0,0.0,0.0,0.0,4.34,0.0,0.0,0.0,0.0,3.76,0.0,4.35,0.0,0.0,0.0,0.0,0.0,4.31,0.0,0.0,0.0,0.0,0.0,4.08,0.0,0.0,0.0,25.21,5.6
144485,BRE,Toney,F,5.2,0.0,0.0,0.0,0.0,4.55,0.0,0.0,0.0,0.0,0.0,0.0,3.48,0.0,5.08,0.0,0.0,0.0,0.0,3.0,0.0,0.0,0.0,0.0,0.0,3.92,0.0,0.0,0.0,0.0,4.97,0.0,0.0,0.0,0.0,25.01,4.81
219847,ARS,Havertz,F,5.1,0.0,0.0,5.15,0.0,0.0,0.0,0.0,0.0,0.0,3.92,0.0,0.0,4.36,0.0,0.0,0.0,0.0,0.0,0.0,0.0,0.0,3.74,0.0,0.0,0.0,0.0,0.0,2.82,0.0,4.84,0.0,0.0,0.0,0.0,24.83,4.87
169187,LIV,Alexander-Arnold,D,5.2,0.0,4.73,0.0,0.0,0.0,0.0,0.0,0.0,0.0,0.0,0.0,4.38,0.0,0.0,0.0,0.0,3.43,0.0,4.2,0.0,0.0,0.0,0.0,0.0,4.06,0.0,0.0,0.0,0.0,0.0,3.86,0.0,0.0,0.0,24.66,4.74
178186,WHU,Bowen,M,5.3,0.0,0.0,0.0,4.57,0.0,0.0,0.0,0.0,3.97,0.0,0.0,0.0,0.0,0.0,3.36,0.0,0.0,0.0,4.06,0.0,0.0,0.0,0.0,4.29,0.0,0.0,0.0,0.0,0.0,3.93,0.0,0.0,0.0,0.0,24.18,4.56
226597,ARS,Gabriel,D,4.3,0.0,0.0,5.09,0.0,0.0,0.0,0.0,0.0,0.0,3.62,0.0,0.0,4.4,0.0,0.0,0.0,0.0,0.0,0.0,0.0,0.0,3.3,0.0,0.0,0.0,0.0,0.0,2.51,0.0,4.97,0.0,0.0,0.0,0.0,23.89,5.56
60307,BHA,Gross,M,3.9,0.0,0.0,3.86,0.0,0.0,0.0,0.0,4.41,0.0,0.0,0.0,0.0,3.06,0.0,0.0,0.0,0.0,0.0,4.55,0.0,0.0,0.0,0.0,0.0,0.0,0.0,4.0,0.0,0.0,3.67,0.0,0.0,0.0,0.0,23.55,6.04
232826,NEW,Gordon,M,4.7,0.0,0.0,4.79,0.0,0.0,0.0,0.0,0.0,0.0,0.0,3.7,0.0,0.0,0.0,0.0,4.12,0.0,0.0,0.0,0.0,0.0,0.0,3.95,0.0,3.73,0.0,0.0,0.0,3.14,0.0,0.0,0.0,0.0,0.0,23.43,4.98
61366,MCI,De Bruyne,M,6.7,0.0,0.0,0.0,0.0,0.0,3.85,0.0,0.0,4.89,0.0,0.0,0.0,0.0,0.0,3.9,0.0,0.0,0.0,4.1,0.0,0.0,0.0,0.0,0.0,0.0,0.0,0.0,2.99,3.52,0.0,0.0,0.0,0.0,0.0,23.26,3.47
98747,NEW,Pope,G,4.0,0.0,0.0,4.51,0.0,0.0,0.0,0.0,0.0,0.0,0.0,3.55,0.0,0.0,0.0,0.0,3.75,0.0,0.0,0.0,0.0,0.0,0.0,3.79,0.0,3.72,0.0,0.0,0.0,3.83,0.0,0.0,0.0,0.0,0.0,23.16,5.79
122798,LIV,Robertson,D,5.0,0.0,4.28,0.0,0.0,0.0,0.0,0.0,0.0,0.0,0.0,0.0,4.04,0.0,0.0,0.0,0.0,3.23,0.0,4.02,0.0,0.0,0.0,0.0,0.0,3.85,0.0,0.0,0.0,0.0,0.0,3.63,0.0,0.0,0.0,23.06,4.61
243016,LIV,Mac Allister,M,4.2,0.0,3.83,0.0,0.0,0.0,0.0,0.0,0.0,0.0,0.0,0.0,3.78,0.0,0.0,0.0,0.0,3.61,0.0,3.74,0.0,0.0,0.0,0.0,0.0,4.02,0.0,0.0,0.0,0.0,0.0,3.68,0.0,0.0,0.0,22.66,5.4
231747,CRY,Mateta,F,4.1,0.0,0.0,0.0,0.0,2.06,0.0,0.0,0.0,3.9,0.0,0.0,0.0,0.0,0.0,0.0,3.72,0.0,0.0,4.6,0.0,0.0,0.0,0.0,0.0,0.0,4.49,0.0,0.0,0.0,3.7,0.0,0.0,0.0,0.0,22.46,5.48
204480,ARS,Rice,M,4.6,0.0,0.0,4.18,0.0,0.0,0.0,0.0,0.0,0.0,3.7,0.0,0.0,3.94,0.0,0.0,0.0,0.0,0.0,0.0,0.0,0.0,3.5,0.0,0.0,0.0,0.0,0.0,2.89,0.0,4.12,0.0,0.0,0.0,0.0,22.34,4.86
244042,FUL,Muniz,F,3.4,3.68,0.0,0.0,0.0,0.0,0.0,0.0,0.0,4.03,0.0,0.0,0.0,0.0,3.76,0.0,0.0,0.0,0.0,3.91,0.0,0.0,0.0,0.0,0.0,3.58,0.0,0.0,0.0,0.0,3.2,0.0,0.0,0.0,0.0,22.17,6.52
80201,FUL,Leno,G,3.4,3.36,0.0,0.0,0.0,0.0,0.0,0.0,0.0,4.27,0.0,0.0,0.0,0.0,3.92,0.0,0.0,0.0,0.0,3.82,0.0,0.0,0.0,0.0,0.0,3.49,0.0,0.0,0.0,0.0,3.29,0.0,0.0,0.0,0.0,22.15,6.51
198869,ARS,White,D,4.6,0.0,0.0,4.66,0.0,0.0,0.0,0.0,0.0,0.0,3.32,0.0,0.0,4.06,0.0,0.0,0.0,0.0,0.0,0.0,0.0,0.0,3.04,0.0,0.0,0.0,0.0,0.0,2.35,0.0,4.5,0.0,0.0,0.0,0.0,21.92,4.77
222531,FOR,Gibbs-White,M,3.4,0.0,0.0,3.92,0.0,0.0,0.0,0.0,0.0,3.74,0.0,0.0,0.0,0.0,4.07,0.0,0.0,0.0,0.0,2.98,0.0,0.0,0.0,0.0,0.0,0.0,0.0,3.26,0.0,0.0,3.89,0.0,0.0,0.0,0.0,21.86,6.43
60689,FOR,Wood,F,3.5,0.0,0.0,3.89,0.0,0.0,0.0,0.0,0.0,3.82,0.0,0.0,0.0,0.0,4.09,0.0,0.0,0.0,0.0,3.01,0.0,0.0,0.0,0.0,0.0,0.0,0.0,3.31,0.0,0.0,3.73,0.0,0.0,0.0,0.0,21.84,6.24
85633,FOR,Sels,G,3.2,0.0,0.0,3.93,0.0,0.0,0.0,0.0,0.0,3.68,0.0,0.0,0.0,0.0,4.08,0.0,0.0,0.0,0.0,2.62,0.0,0.0,0.0,0.0,0.0,0.0,0.0,3.42,0.0,0.0,4.04,0.0,0.0,0.0,0.0,21.77,6.8
244731,LIV,Luis Díaz,F,5.1,0.0,3.71,0.0,0.0,0.0,0.0,0.0,0.0,0.0,0.0,0.0,3.79,0.0,0.0,0.0,0.0,3.38,0.0,3.69,0.0,0.0,0.0,0.0,0.0,3.67,0.0,0.0,0.0,0.0,0.0,3.44,0.0,0.0,0.0,21.68,4.25
202641,MUN,Onana,G,4.1,4.13,0.0,0.0,0.0,0.0,0.0,0.0,3.45,0.0,0.0,0.0,0.0,0.0,0.0,0.0,0.0,3.55,3.59,0.0,0.0,0.0,0.0,0.0,0.0,0.0,3.36,0.0,0.0,0.0,0.0,0.0,0.0,3.55,0.0,21.64,5.28
462424,ARS,Saliba,D,4.5,0.0,0.0,4.46,0.0,0.0,0.0,0.0,0.0,0.0,3.27,0.0,0.0,4.04,0.0,0.0,0.0,0.0,0.0,0.0,0.0,0.0,2.99,0.0,0.0,0.0,0.0,0.0,2.34,0.0,4.45,0.0,0.0,0.0,0.0,21.55,4.79
98980,AVL,Martinez,G,3.9,0.0,0.0,0.0,3.21,0.0,0.0,0.0,0.0,0.0,3.28,0.0,0.0,0.0,3.39,0.0,0.0,0.0,0.0,0.0,3.82,0.0,0.0,0.0,0.0,3.89,0.0,0.0,0.0,0.0,0.0,0.0,3.73,0.0,0.0,21.32,5.47
118342,BRE,Flekken,G,2.9,0.0,0.0,0.0,0.0,4.09,0.0,0.0,0.0,0.0,0.0,0.0,2.89,0.0,4.36,0.0,0.0,0.0,0.0,2.8,0.0,0.0,0.0,0.0,0.0,3.06,0.0,0.0,0.0,0.0,3.93,0.0,0.0,0.0,0.0,21.13,7.29
213198,CHE,Nkunku,F,5.6,0.0,0.0,0.0,0.0,0.0,3.06,0.0,0.0,0.0,0.0,3.75,0.0,0.0,0.0,0.0,3.78,0.0,0.0,0.0,0.0,3.3,0.0,0.0,3.61,0.0,0.0,0.0,0.0,0.0,3.62,0.0,0.0,0.0,0.0,21.13,3.77
433154,EVE,McNeil,M,3.4,0.0,0.0,3.71,0.0,0.0,0.0,0.0,0.0,3.44,0.0,0.0,0.0,0.0,3.7,0.0,0.0,0.0,0.0,0.0,3.39,0.0,0.0,0.0,0.0,3.4,0.0,0.0,0.0,0.0,3.48,0.0,0.0,0.0,0.0,21.13,6.21
460842,WHU,Kudus,M,4.4,0.0,0.0,0.0,4.06,0.0,0.0,0.0,0.0,3.57,0.0,0.0,0.0,0.0,0.0,3.05,0.0,0.0,0.0,3.48,0.0,0.0,0.0,0.0,3.69,0.0,0.0,0.0,0.0,0.0,3.28,0.0,0.0,0.0,0.0,21.12,4.8
122806,AVL,McGinn,M,3.7,0.0,0.0,0.0,3.64,0.0,0.0,0.0,0.0,0.0,2.86,0.0,0.0,0.0,3.45,0.0,0.0,0.0,0.0,0.0,3.54,0.0,0.0,0.0,0.0,3.87,0.0,0.0,0.0,0.0,0.0,0.0,3.57,0.0,0.0,20.93,5.66
208706,NEW,Bruno G.,M,3.9,0.0,0.0,4.12,0.0,0.0,0.0,0.0,0.0,0.0,0.0,3.47,0.0,0.0,0.0,0.0,3.66,0.0,0.0,0.0,0.0,0.0,0.0,3.47,0.0,3.25,0.0,0.0,0.0,2.83,0.0,0.0,0.0,0.0,0.0,20.79,5.33
184254,TOT,Vicario,G,3.3,0.0,0.0,0.0,0.0,0.0,0.0,3.58,0.0,3.95,0.0,0.0,0.0,0.0,0.0,0.0,2.74,0.0,0.0,0.0,0.0,0.0,3.4,0.0,0.0,3.84,0.0,0.0,0.0,0.0,0.0,0.0,0.0,3.26,0.0,20.77,6.29
97032,LIV,Virgil,D,5.1,0.0,3.83,0.0,0.0,0.0,0.0,0.0,0.0,0.0,0.0,0.0,3.6,0.0,0.0,0.0,0.0,2.83,0.0,3.62,0.0,0.0,0.0,0.0,0.0,3.45,0.0,0.0,0.0,0.0,0.0,3.31,0.0,0.0,0.0,20.65,4.05
477424,MCI,Gvardiol,D,4.5,0.0,0.0,0.0,0.0,0.0,2.74,0.0,0.0,4.72,0.0,0.0,0.0,0.0,0.0,3.51,0.0,0.0,0.0,3.96,0.0,0.0,0.0,0.0,0.0,0.0,0.0,0.0,2.96,2.72,0.0,0.0,0.0,0.0,0.0,20.61,4.58
121160,MCI,Ederson M.,G,4.6,0.0,0.0,0.0,0.0,0.0,3.22,0.0,0.0,4.43,0.0,0.0,0.0,0.0,0.0,3.37,0.0,0.0,0.0,3.64,0.0,0.0,0.0,0.0,0.0,0.0,0.0,0.0,3.23,2.71,0.0,0.0,0.0,0.0,0.0,20.6,4.48
111234,EVE,Pickford,G,3.7,0.0,0.0,3.91,0.0,0.0,0.0,0.0,0.0,2.74,0.0,0.0,0.0,0.0,3.76,0.0,0.0,0.0,0.0,0.0,2.87,0.0,0.0,0.0,0.0,3.49,0.0,0.0,0.0,0.0,3.8,0.0,0.0,0.0,0.0,20.57,5.56
156689,FUL,Andreas,M,3.0,3.23,0.0,0.0,0.0,0.0,0.0,0.0,0.0,3.65,0.0,0.0,0.0,0.0,3.44,0.0,0.0,0.0,0.0,3.74,0.0,0.0,0.0,0.0,0.0,3.46,0.0,0.0,0.0,0.0,3.04,0.0,0.0,0.0,0.0,20.56,6.85
153133,FUL,Iwobi,M,3.5,3.4,0.0,0.0,0.0,0.0,0.0,0.0,0.0,3.62,0.0,0.0,0.0,0.0,3.38,0.0,0.0,0.0,0.0,3.63,0.0,0.0,0.0,0.0,0.0,3.31,0.0,0.0,0.0,0.0,3.03,0.0,0.0,0.0,0.0,20.37,5.82
467189,LEI,Hermansen,G,2.6,0.0,0.0,0.0,0.0,0.0,0.0,3.58,0.0,3.52,0.0,0.0,0.0,0.0,3.64,0.0,0.0,0.0,0.0,3.35,0.0,0.0,0.0,0.0,0.0,3.86,0.0,0.0,0.0,0.0,2.41,0.0,0.0,0.0,0.0,20.37,7.83
475168,BHA,João Pedro,F,3.3,0.0,0.0,3.38,0.0,0.0,0.0,0.0,3.91,0.0,0.0,0.0,0.0,2.49,0.0,0.0,0.0,0.0,0.0,4.04,0.0,0.0,0.0,0.0,0.0,0.0,0.0,3.39,0.0,0.0,3.08,0.0,0.0,0.0,0.0,20.29,6.15
517052,CHE,N.Jackson,F,4.0,0.0,0.0,0.0,0.0,0.0,2.89,0.0,0.0,0.0,0.0,3.53,0.0,0.0,0.0,0.0,3.66,0.0,0.0,0.0,0.0,3.18,0.0,0.0,3.46,0.0,0.0,0.0,0.0,0.0,3.55,0.0,0.0,0.0,0.0,20.27,5.07
446008,BRE,Mbeumo,F,3.9,0.0,0.0,0.0,0.0,3.66,0.0,0.0,0.0,0.0,0.0,0.0,2.97,0.0,3.97,0.0,0.0,0.0,0.0,2.62,0.0,0.0,0.0,0.0,0.0,3.22,0.0,0.0,0.0,0.0,3.78,0.0,0.0,0.0,0.0,20.22,5.19
84182,WHU,Areola,G,3.3,0.0,0.0,0.0,3.57,0.0,0.0,0.0,0.0,3.28,0.0,0.0,0.0,0.0,0.0,3.54,0.0,0.0,0.0,3.39,0.0,0.0,0.0,0.0,3.31,0.0,0.0,0.0,0.0,0.0,3.13,0.0,0.0,0.0,0.0,20.22,6.13
493105,MUN,Garnacho,F,3.8,3.79,0.0,0.0,0.0,0.0,0.0,0.0,3.19,0.0,0.0,0.0,0.0,0.0,0.0,0.0,0.0,3.12,3.45,0.0,0.0,0.0,0.0,0.0,0.0,0.0,3.1,0.0,0.0,0.0,0.0,0.0,0.0,3.38,0.0,20.04,5.27
155511,SOU,Armstrong,F,3.0,0.0,0.0,3.17,0.0,0.0,0.0,0.0,0.0,3.49,0.0,0.0,0.0,0.0,3.07,0.0,0.0,0.0,3.58,0.0,0.0,0.0,0.0,0.0,0.0,3.71,0.0,0.0,0.0,0.0,0.0,0.0,0.0,0.0,3.0,20.02,6.67
220566,MCI,Rodrigo,M,4.4,0.0,0.0,0.0,0.0,0.0,3.22,0.0,0.0,3.92,0.0,0.0,0.0,0.0,0.0,3.39,0.0,0.0,0.0,3.53,0.0,0.0,0.0,0.0,0.0,0.0,0.0,0.0,2.83,3.13,0.0,0.0,0.0,0.0,0.0,20.0,4.55
177815,EVE,Calvert-Lewin,F,4.9,0.0,0.0,3.71,0.0,0.0,0.0,0.0,0.0,3.3,0.0,0.0,0.0,0.0,3.54,0.0,0.0,0.0,0.0,0.0,3.06,0.0,0.0,0.0,0.0,3.16,0.0,0.0,0.0,0.0,3.15,0.0,0.0,0.0,0.0,19.92,4.06
58376,SOU,McCarthy,G,2.4,0.0,0.0,2.46,0.0,0.0,0.0,0.0,0.0,3.59,0.0,0.0,0.0,0.0,2.99,0.0,0.0,0.0,3.55,0.0,0.0,0.0,0.0,0.0,0.0,4.3,0.0,0.0,0.0,0.0,0.0,0.0,0.0,0.0,2.97,19.86,8.27
451340,BHA,Mitoma,M,3.6,0.0,0.0,3.28,0.0,0.0,0.0,0.0,3.78,0.0,0.0,0.0,0.0,2.61,0.0,0.0,0.0,0.0,0.0,3.81,0.0,0.0,0.0,0.0,0.0,0.0,0.0,3.3,0.0,0.0,3.02,0.0,0.0,0.0,0.0,19.82,5.5
215711,AVL,Bailey,M,4.0,0.0,0.0,0.0,3.54,0.0,0.0,0.0,0.0,0.0,2.67,0.0,0.0,0.0,3.28,0.0,0.0,0.0,0.0,0.0,3.35,0.0,0.0,0.0,0.0,3.54,0.0,0.0,0.0,0.0,0.0,0.0,3.31,0.0,0.0,19.69,4.92
447203,LIV,Darwin,F,6.1,0.0,3.01,0.0,0.0,0.0,0.0,0.0,0.0,0.0,0.0,0.0,3.47,0.0,0.0,0.0,0.0,2.7,0.0,3.41,0.0,0.0,0.0,0.0,0.0,3.34,0.0,0.0,0.0,0.0,0.0,3.1,0.0,0.0,0.0,19.04,3.12
61256,MUN,Casemiro,M,3.8,3.24,0.0,0.0,0.0,0.0,0.0,0.0,3.07,0.0,0.0,0.0,0.0,0.0,0.0,0.0,0.0,3.15,3.22,0.0,0.0,0.0,0.0,0.0,0.0,0.0,3.16,0.0,0.0,0.0,0.0,0.0,0.0,3.19,0.0,19.03,5.01
184754,WOL,Hee Chan,F,3.4,0.0,0.0,2.58,0.0,0.0,0.0,0.0,0.0,0.0,0.0,3.49,0.0,0.0,3.15,0.0,0.0,0.0,0.0,0.0,0.0,0.0,0.0,3.53,0.0,3.24,0.0,0.0,0.0,0.0,0.0,3.02,0.0,0.0,0.0,19.01,5.59
77794,NEW,Trippier,D,4.0,0.0,0.0,4.48,0.0,0.0,0.0,0.0,0.0,0.0,0.0,2.88,0.0,0.0,0.0,0.0,2.96,0.0,0.0,0.0,0.0,0.0,0.0,3.37,0.0,3.1,0.0,0.0,0.0,2.1,0.0,0.0,0.0,0.0,0.0,18.89,4.72
172780,TOT,Maddison,M,5.2,0.0,0.0,0.0,0.0,0.0,0.0,3.41,0.0,3.44,0.0,0.0,0.0,0.0,0.0,0.0,3.07,0.0,0.0,0.0,0.0,0.0,2.62,0.0,0.0,3.25,0.0,0.0,0.0,0.0,0.0,0.0,0.0,3.09,0.0,18.88,3.63
149065,WOL,José Sá,G,3.5,0.0,0.0,2.39,0.0,0.0,0.0,0.0,0.0,0.0,0.0,3.36,0.0,0.0,3.22,0.0,0.0,0.0,0.0,0.0,0.0,0.0,0.0,3.43,0.0,2.97,0.0,0.0,0.0,0.0,0.0,3.48,0.0,0.0,0.0,18.86,5.39
171314,MCI,Rúben,D,5.2,0.0,0.0,0.0,0.0,0.0,2.52,0.0,0.0,4.24,0.0,0.0,0.0,0.0,0.0,3.19,0.0,0.0,0.0,3.55,0.0,0.0,0.0,0.0,0.0,0.0,0.0,0.0,2.81,2.5,0.0,0.0,0.0,0.0,0.0,18.8,3.62
121599,EVE,A.Doucoure,M,3.5,0.0,0.0,3.27,0.0,0.0,0.0,0.0,0.0,2.96,0.0,0.0,0.0,0.0,3.22,0.0,0.0,0.0,0.0,0.0,2.96,0.0,0.0,0.0,0.0,3.05,0.0,0.0,0.0,0.0,3.09,0.0,0.0,0.0,0.0,18.55,5.3
176297,MUN,Rashford,F,5.7,3.47,0.0,0.0,0.0,0.0,0.0,0.0,2.92,0.0,0.0,0.0,0.0,0.0,0.0,0.0,0.0,2.9,3.12,0.0,0.0,0.0,0.0,0.0,0.0,0.0,2.87,0.0,0.0,0.0,0.0,0.0,0.0,3.14,0.0,18.44,3.23
101178,WHU,Ward-Prowse,M,4.2,0.0,0.0,0.0,3.4,0.0,0.0,0.0,0.0,2.95,0.0,0.0,0.0,0.0,0.0,2.68,0.0,0.0,0.0,3.13,0.0,0.0,0.0,0.0,3.24,0.0,0.0,0.0,0.0,0.0,2.97,0.0,0.0,0.0,0.0,18.37,4.37
441164,TOT,Pedro Porro,D,3.8,0.0,0.0,0.0,0.0,0.0,0.0,3.65,0.0,3.85,0.0,0.0,0.0,0.0,0.0,0.0,2.12,0.0,0.0,0.0,0.0,0.0,2.2,0.0,0.0,3.64,0.0,0.0,0.0,0.0,0.0,0.0,0.0,2.84,0.0,18.3,4.82
165809,MCI,Bernardo,M,5.1,0.0,0.0,0.0,0.0,0.0,2.87,0.0,0.0,3.63,0.0,0.0,0.0,0.0,0.0,3.11,0.0,0.0,0.0,3.28,0.0,0.0,0.0,0.0,0.0,0.0,0.0,0.0,2.55,2.81,0.0,0.0,0.0,0.0,0.0,18.25,3.58
430871,WOL,Cunha,F,3.6,0.0,0.0,2.49,0.0,0.0,0.0,0.0,0.0,0.0,0.0,3.37,0.0,0.0,3.06,0.0,0.0,0.0,0.0,0.0,0.0,0.0,0.0,3.34,0.0,3.05,0.0,0.0,0.0,0.0,0.0,2.94,0.0,0.0,0.0,18.24,5.07
247348,CRY,Muñoz,D,2.7,0.0,0.0,0.0,0.0,2.87,0.0,0.0,0.0,3.59,0.0,0.0,0.0,0.0,0.0,0.0,1.78,0.0,0.0,3.96,0.0,0.0,0.0,0.0,0.0,0.0,3.19,0.0,0.0,0.0,2.83,0.0,0.0,0.0,0.0,18.22,6.75
242898,TOT,Johnson,F,3.6,0.0,0.0,0.0,0.0,0.0,0.0,3.23,0.0,3.24,0.0,0.0,0.0,0.0,0.0,0.0,2.99,0.0,0.0,0.0,0.0,0.0,2.47,0.0,0.0,3.26,0.0,0.0,0.0,0.0,0.0,0.0,0.0,3.03,0.0,18.21,5.06
209046,FOR,Hudson-Odoi,M,3.1,0.0,0.0,3.3,0.0,0.0,0.0,0.0,0.0,3.15,0.0,0.0,0.0,0.0,3.3,0.0,0.0,0.0,0.0,2.58,0.0,0.0,0.0,0.0,0.0,0.0,0.0,2.71,0.0,0.0,3.1,0.0,0.0,0.0,0.0,18.15,5.85
58621,MCI,Walker,D,4.8,0.0,0.0,0.0,0.0,0.0,2.44,0.0,0.0,4.07,0.0,0.0,0.0,0.0,0.0,3.09,0.0,0.0,0.0,3.35,0.0,0.0,0.0,0.0,0.0,0.0,0.0,0.0,2.64,2.34,0.0,0.0,0.0,0.0,0.0,17.92,3.73
57531,WHU,Antonio,F,4.4,0.0,0.0,0.0,3.32,0.0,0.0,0.0,0.0,2.9,0.0,0.0,0.0,0.0,0.0,2.53,0.0,0.0,0.0,3.05,0.0,0.0,0.0,0.0,3.08,0.0,0.0,0.0,0.0,0.0,2.89,0.0,0.0,0.0,0.0,17.77,4.04
444145,ARS,Martinelli,M,4.9,0.0,0.0,3.5,0.0,0.0,0.0,0.0,0.0,0.0,2.83,0.0,0.0,3.16,0.0,0.0,0.0,0.0,0.0,0.0,0.0,0.0,2.77,0.0,0.0,0.0,0.0,0.0,2.1,0.0,3.32,0.0,0.0,0.0,0.0,17.69,3.61
154048,LEI,Mavididi,F,3.1,0.0,0.0,0.0,0.0,0.0,0.0,3.34,0.0,2.97,0.0,0.0,0.0,0.0,3.21,0.0,0.0,0.0,0.0,2.72,0.0,0.0,0.0,0.0,0.0,3.06,0.0,0.0,0.0,0.0,2.27,0.0,0.0,0.0,0.0,17.58,5.67
172649,CRY,Henderson,G,2.8,0.0,0.0,0.0,0.0,2.83,0.0,0.0,0.0,3.12,0.0,0.0,0.0,0.0,0.0,0.0,2.28,0.0,0.0,3.41,0.0,0.0,0.0,0.0,0.0,0.0,3.08,0.0,0.0,0.0,2.81,0.0,0.0,0.0,0.0,17.54,6.27
243298,LIV,Gakpo,F,5.3,0.0,2.89,0.0,0.0,0.0,0.0,0.0,0.0,0.0,0.0,0.0,2.81,0.0,0.0,0.0,0.0,2.72,0.0,3.06,0.0,0.0,0.0,0.0,0.0,3.07,0.0,0.0,0.0,0.0,0.0,2.95,0.0,0.0,0.0,17.5,3.3
215059,CHE,Sánchez,G,3.4,0.0,0.0,0.0,0.0,0.0,2.92,0.0,0.0,0.0,0.0,3.06,0.0,0.0,0.0,0.0,3.19,0.0,0.0,0.0,0.0,2.65,0.0,0.0,2.63,0.0,0.0,0.0,0.0,0.0,3.0,0.0,0.0,0.0,0.0,17.45,5.13
211975,MCI,Akanji,D,4.5,0.0,0.0,0.0,0.0,0.0,2.27,0.0,0.0,3.79,0.0,0.0,0.0,0.0,0.0,2.95,0.0,0.0,0.0,3.23,0.0,0.0,0.0,0.0,0.0,0.0,0.0,0.0,2.52,2.39,0.0,0.0,0.0,0.0,0.0,17.15,3.81
126184,MCI,Aké,D,4.4,0.0,0.0,0.0,0.0,0.0,2.27,0.0,0.0,3.7,0.0,0.0,0.0,0.0,0.0,2.99,0.0,0.0,0.0,3.25,0.0,0.0,0.0,0.0,0.0,0.0,0.0,0.0,2.44,2.4,0.0,0.0,0.0,0.0,0.0,17.05,3.88
448047,CHE,Enzo,M,4.1,0.0,0.0,0.0,0.0,0.0,2.49,0.0,0.0,0.0,0.0,2.93,0.0,0.0,0.0,0.0,2.99,0.0,0.0,0.0,0.0,2.73,0.0,0.0,2.92,0.0,0.0,0.0,0.0,0.0,2.84,0.0,0.0,0.0,0.0,16.9,4.12
229600,BOU,Travers,G,2.3,0.0,0.0,2.73,0.0,0.0,0.0,0.0,0.0,0.0,0.0,2.84,0.0,0.0,2.86,0.0,0.0,0.0,0.0,0.0,0.0,2.77,0.0,0.0,0.0,2.38,0.0,0.0,0.0,0.0,0.0,0.0,0.0,0.0,3.29,16.87,7.33
101668,LEI,Vardy,F,3.4,0.0,0.0,0.0,0.0,0.0,0.0,3.13,0.0,2.84,0.0,0.0,0.0,0.0,3.1,0.0,0.0,0.0,0.0,2.63,0.0,0.0,0.0,0.0,0.0,3.0,0.0,0.0,0.0,0.0,2.05,0.0,0.0,0.0,0.0,16.74,4.92
448089,WOL,J.Gomes,M,2.9,0.0,0.0,2.67,0.0,0.0,0.0,0.0,0.0,0.0,0.0,2.95,0.0,0.0,2.63,0.0,0.0,0.0,0.0,0.0,0.0,0.0,0.0,2.79,0.0,2.81,0.0,0.0,0.0,0.0,0.0,2.76,0.0,0.0,0.0,16.61,5.73
119471,NEW,Schär,D,3.7,0.0,0.0,4.01,0.0,0.0,0.0,0.0,0.0,0.0,0.0,2.49,0.0,0.0,0.0,0.0,2.46,0.0,0.0,0.0,0.0,0.0,0.0,3.03,0.0,2.78,0.0,0.0,0.0,1.77,0.0,0.0,0.0,0.0,0.0,16.54,4.47
232928,EVE,Garner,M,2.9,0.0,0.0,2.87,0.0,0.0,0.0,0.0,0.0,2.66,0.0,0.0,0.0,0.0,2.89,0.0,0.0,0.0,0.0,0.0,2.63,0.0,0.0,0.0,0.0,2.66,0.0,0.0,0.0,0.0,2.74,0.0,0.0,0.0,0.0,16.46,5.67
201658,BOU,Tavernier,M,2.8,0.0,0.0,2.71,0.0,0.0,0.0,0.0,0.0,0.0,0.0,2.95,0.0,0.0,2.64,0.0,0.0,0.0,0.0,0.0,0.0,2.8,0.0,0.0,0.0,2.37,0.0,0.0,0.0,0.0,0.0,0.0,0.0,0.0,2.96,16.43,5.87
496221,CRY,Wharton,M,3.0,0.0,0.0,0.0,0.0,2.73,0.0,0.0,0.0,2.92,0.0,0.0,0.0,0.0,0.0,0.0,2.72,0.0,0.0,2.79,0.0,0.0,0.0,0.0,0.0,0.0,2.71,0.0,0.0,0.0,2.56,0.0,0.0,0.0,0.0,16.42,5.47
449434,FOR,Elanga,F,3.5,0.0,0.0,2.83,0.0,0.0,0.0,0.0,0.0,2.8,0.0,0.0,0.0,0.0,3.04,0.0,0.0,0.0,0.0,2.36,0.0,0.0,0.0,0.0,0.0,0.0,0.0,2.5,0.0,0.0,2.81,0.0,0.0,0.0,0.0,16.34,4.67
222683,BOU,Kluivert,M,2.7,0.0,0.0,2.76,0.0,0.0,0.0,0.0,0.0,0.0,0.0,3.02,0.0,0.0,2.65,0.0,0.0,0.0,0.0,0.0,0.0,2.75,0.0,0.0,0.0,2.28,0.0,0.0,0.0,0.0,0.0,0.0,0.0,0.0,2.88,16.33,6.05
204716,LIV,Konaté,D,3.9,0.0,3.06,0.0,0.0,0.0,0.0,0.0,0.0,0.0,0.0,0.0,2.92,0.0,0.0,0.0,0.0,2.3,0.0,2.82,0.0,0.0,0.0,0.0,0.0,2.66,0.0,0.0,0.0,0.0,0.0,2.56,0.0,0.0,0.0,16.31,4.18
244850,AVL,Rogers,F,2.9,0.0,0.0,0.0,2.89,0.0,0.0,0.0,0.0,0.0,2.3,0.0,0.0,0.0,2.72,0.0,0.0,0.0,0.0,0.0,2.78,0.0,0.0,0.0,0.0,2.84,0.0,0.0,0.0,0.0,0.0,0.0,2.74,0.0,0.0,16.27,5.61
158499,BOU,Christie,M,3.1,0.0,0.0,2.65,0.0,0.0,0.0,0.0,0.0,0.0,0.0,2.78,0.0,0.0,2.56,0.0,0.0,0.0,0.0,0.0,0.0,2.78,0.0,0.0,0.0,2.44,0.0,0.0,0.0,0.0,0.0,0.0,0.0,0.0,2.89,16.09,5.19
487053,TOT,Udogie,D,3.1,0.0,0.0,0.0,0.0,0.0,0.0,3.17,0.0,3.35,0.0,0.0,0.0,0.0,0.0,0.0,1.73,0.0,0.0,0.0,0.0,0.0,1.9,0.0,0.0,3.17,0.0,0.0,0.0,0.0,0.0,0.0,0.0,2.45,0.0,15.77,5.09
17761,EVE,Tarkowski,D,3.1,0.0,0.0,3.02,0.0,0.0,0.0,0.0,0.0,1.59,0.0,0.0,0.0,0.0,3.03,0.0,0.0,0.0,0.0,0.0,1.95,0.0,0.0,0.0,0.0,3.02,0.0,0.0,0.0,0.0,3.14,0.0,0.0,0.0,0.0,15.76,5.08
174874,CRY,Andersen,D,3.0,0.0,0.0,0.0,0.0,2.45,0.0,0.0,0.0,3.1,0.0,0.0,0.0,0.0,0.0,0.0,1.32,0.0,0.0,3.57,0.0,0.0,0.0,0.0,0.0,0.0,2.75,0.0,0.0,0.0,2.53,0.0,0.0,0.0,0.0,15.73,5.24
437730,BOU,Semenyo,F,2.8,0.0,0.0,2.63,0.0,0.0,0.0,0.0,0.0,0.0,0.0,2.85,0.0,0.0,2.59,0.0,0.0,0.0,0.0,0.0,0.0,2.66,0.0,0.0,0.0,2.21,0.0,0.0,0.0,0.0,0.0,0.0,0.0,0.0,2.8,15.72,5.62
215439,WHU,Souček,M,3.6,0.0,0.0,0.0,2.97,0.0,0.0,0.0,0.0,2.6,0.0,0.0,0.0,0.0,0.0,2.31,0.0,0.0,0.0,2.57,0.0,0.0,0.0,0.0,2.67,0.0,0.0,0.0,0.0,0.0,2.55,0.0,0.0,0.0,0.0,15.67,4.35
467779,BHA,Wieffer,M,3.2,0.0,0.0,2.63,0.0,0.0,0.0,0.0,2.84,0.0,0.0,0.0,0.0,2.23,0.0,0.0,0.0,0.0,0.0,2.89,0.0,0.0,0.0,0.0,0.0,0.0,0.0,2.62,0.0,0.0,2.46,0.0,0.0,0.0,0.0,15.67,4.9
166477,FUL,Castagne,D,3.3,2.14,0.0,0.0,0.0,0.0,0.0,0.0,0.0,3.35,0.0,0.0,0.0,0.0,2.98,0.0,0.0,0.0,0.0,2.83,0.0,0.0,0.0,0.0,0.0,2.04,0.0,0.0,0.0,0.0,2.23,0.0,0.0,0.0,0.0,15.57,4.72
209400,CRY,Kamada,M,3.0,0.0,0.0,0.0,0.0,2.53,0.0,0.0,0.0,2.83,0.0,0.0,0.0,0.0,0.0,0.0,2.47,0.0,0.0,2.73,0.0,0.0,0.0,0.0,0.0,0.0,2.6,0.0,0.0,0.0,2.39,0.0,0.0,0.0,0.0,15.55,5.18
503301,IPS,Hutchinson,F,3.0,0.0,2.65,0.0,0.0,0.0,0.0,0.0,0.0,2.22,0.0,0.0,0.0,0.0,2.8,0.0,0.0,0.0,0.0,2.47,0.0,0.0,0.0,0.0,0.0,2.66,0.0,0.0,0.0,0.0,0.0,0.0,2.72,0.0,0.0,15.51,5.17
169528,FUL,Robinson,D,2.7,2.04,0.0,0.0,0.0,0.0,0.0,0.0,0.0,3.41,0.0,0.0,0.0,0.0,2.99,0.0,0.0,0.0,0.0,2.85,0.0,0.0,0.0,0.0,0.0,1.96,0.0,0.0,0.0,0.0,2.22,0.0,0.0,0.0,0.0,15.47,5.73
224967,EVE,Mykolenko,D,2.9,0.0,0.0,2.97,0.0,0.0,0.0,0.0,0.0,1.68,0.0,0.0,0.0,0.0,2.93,0.0,0.0,0.0,0.0,0.0,1.99,0.0,0.0,0.0,0.0,2.88,0.0,0.0,0.0,0.0,3.01,0.0,0.0,0.0,0.0,15.46,5.33
194634,LIV,Diogo J.,F,5.3,0.0,2.46,0.0,0.0,0.0,0.0,0.0,0.0,0.0,0.0,0.0,2.77,0.0,0.0,0.0,0.0,2.64,0.0,2.44,0.0,0.0,0.0,0.0,0.0,2.53,0.0,0.0,0.0,0.0,0.0,2.58,0.0,0.0,0.0,15.42,2.91
80801,EVE,Gana,M,3.1,0.0,0.0,2.61,0.0,0.0,0.0,0.0,0.0,2.52,0.0,0.0,0.0,0.0,2.69,0.0,0.0,0.0,0.0,0.0,2.51,0.0,0.0,0.0,0.0,2.45,0.0,0.0,0.0,0.0,2.62,0.0,0.0,0.0,0.0,15.39,4.96
212314,FUL,Lukić,M,2.6,2.56,0.0,0.0,0.0,0.0,0.0,0.0,0.0,2.7,0.0,0.0,0.0,0.0,2.6,0.0,0.0,0.0,0.0,2.69,0.0,0.0,0.0,0.0,0.0,2.47,0.0,0.0,0.0,0.0,2.33,0.0,0.0,0.0,0.0,15.34,5.9
209036,CRY,Guéhi,D,3.3,0.0,0.0,0.0,0.0,2.4,0.0,0.0,0.0,2.99,0.0,0.0,0.0,0.0,0.0,0.0,1.34,0.0,0.0,3.43,0.0,0.0,0.0,0.0,0.0,0.0,2.65,0.0,0.0,0.0,2.47,0.0,0.0,0.0,0.0,15.29,4.63
445044,TOT,Kulusevski,M,4.8,0.0,0.0,0.0,0.0,0.0,0.0,2.65,0.0,2.61,0.0,0.0,0.0,0.0,0.0,0.0,2.48,0.0,0.0,0.0,0.0,0.0,2.11,0.0,0.0,2.8,0.0,0.0,0.0,0.0,0.0,0.0,0.0,2.6,0.0,15.24,3.17
128295,BRE,Nørgaard,M,3.2,0.0,0.0,0.0,0.0,2.75,0.0,0.0,0.0,0.0,0.0,0.0,2.44,0.0,2.79,0.0,0.0,0.0,0.0,2.15,0.0,0.0,0.0,0.0,0.0,2.4,0.0,0.0,0.0,0.0,2.68,0.0,0.0,0.0,0.0,15.21,4.75
207283,BRE,Jensen,M,3.4,0.0,0.0,0.0,0.0,2.71,0.0,0.0,0.0,0.0,0.0,0.0,2.39,0.0,2.79,0.0,0.0,0.0,0.0,2.07,0.0,0.0,0.0,0.0,0.0,2.45,0.0,0.0,0.0,0.0,2.73,0.0,0.0,0.0,0.0,15.13,4.45
90585,FOR,Boly,D,2.9,0.0,0.0,2.89,0.0,0.0,0.0,0.0,0.0,2.86,0.0,0.0,0.0,0.0,3.16,0.0,0.0,0.0,0.0,1.0,0.0,0.0,0.0,0.0,0.0,0.0,0.0,2.21,0.0,0.0,2.93,0.0,0.0,0.0,0.0,15.05,5.19
244723,CRY,Mitchell,D,3.1,0.0,0.0,0.0,0.0,2.38,0.0,0.0,0.0,2.94,0.0,0.0,0.0,0.0,0.0,0.0,1.39,0.0,0.0,3.3,0.0,0.0,0.0,0.0,0.0,0.0,2.62,0.0,0.0,0.0,2.4,0.0,0.0,0.0,0.0,15.04,4.85
531442,LEI,A.Fatawu,F,3.1,0.0,0.0,0.0,0.0,0.0,0.0,2.75,0.0,2.53,0.0,0.0,0.0,0.0,2.68,0.0,0.0,0.0,0.0,2.35,0.0,0.0,0.0,0.0,0.0,2.64,0.0,0.0,0.0,0.0,2.0,0.0,0.0,0.0,0.0,14.95,4.82
199798,AVL,Konsa,D,3.3,0.0,0.0,0.0,2.23,0.0,0.0,0.0,0.0,0.0,1.54,0.0,0.0,0.0,2.55,0.0,0.0,0.0,0.0,0.0,2.82,0.0,0.0,0.0,0.0,2.96,0.0,0.0,0.0,0.0,0.0,0.0,2.84,0.0,0.0,14.94,4.53
78916,NEW,Burn,D,3.6,0.0,0.0,3.53,0.0,0.0,0.0,0.0,0.0,0.0,0.0,2.25,0.0,0.0,0.0,0.0,2.21,0.0,0.0,0.0,0.0,0.0,0.0,2.72,0.0,2.52,0.0,0.0,0.0,1.67,0.0,0.0,0.0,0.0,0.0,14.89,4.14
215136,FOR,N.Williams,D,2.5,0.0,0.0,2.82,0.0,0.0,0.0,0.0,0.0,2.83,0.0,0.0,0.0,0.0,3.15,0.0,0.0,0.0,0.0,0.9,0.0,0.0,0.0,0.0,0.0,0.0,0.0,2.17,0.0,0.0,3.02,0.0,0.0,0.0,0.0,14.89,5.95
575476,FOR,Murillo,D,2.3,0.0,0.0,2.83,0.0,0.0,0.0,0.0,0.0,2.84,0.0,0.0,0.0,0.0,3.16,0.0,0.0,0.0,0.0,0.83,0.0,0.0,0.0,0.0,0.0,0.0,0.0,2.17,0.0,0.0,3.0,0.0,0.0,0.0,0.0,14.84,6.45
214466,SOU,Smallbone,M,2.9,0.0,0.0,2.4,0.0,0.0,0.0,0.0,0.0,2.49,0.0,0.0,0.0,0.0,2.3,0.0,0.0,0.0,2.54,0.0,0.0,0.0,0.0,0.0,0.0,2.68,0.0,0.0,0.0,0.0,0.0,0.0,0.0,0.0,2.38,14.78,5.1
159506,FOR,Aina,D,2.4,0.0,0.0,2.81,0.0,0.0,0.0,0.0,0.0,2.81,0.0,0.0,0.0,0.0,3.11,0.0,0.0,0.0,0.0,0.91,0.0,0.0,0.0,0.0,0.0,0.0,0.0,2.17,0.0,0.0,2.97,0.0,0.0,0.0,0.0,14.78,6.16
461358,MCI,J.Alvarez,F,4.9,0.0,0.0,0.0,0.0,0.0,0.97,0.0,0.0,2.51,0.0,0.0,0.0,0.0,0.0,2.97,0.0,0.0,0.0,3.28,0.0,0.0,0.0,0.0,0.0,0.0,0.0,0.0,2.34,2.47,0.0,0.0,0.0,0.0,0.0,14.54,2.97
83299,BHA,Dunk,D,3.5,0.0,0.0,2.58,0.0,0.0,0.0,0.0,2.8,0.0,0.0,0.0,0.0,0.84,0.0,0.0,0.0,0.0,0.0,3.88,0.0,0.0,0.0,0.0,0.0,0.0,0.0,3.06,0.0,0.0,1.36,0.0,0.0,0.0,0.0,14.51,4.14
151086,WOL,Mario Jr.,M,3.0,0.0,0.0,2.3,0.0,0.0,0.0,0.0,0.0,0.0,0.0,2.53,0.0,0.0,2.36,0.0,0.0,0.0,0.0,0.0,0.0,0.0,0.0,2.48,0.0,2.44,0.0,0.0,0.0,0.0,0.0,2.38,0.0,0.0,0.0,14.49,4.83
193204,SOU,Aribo,M,2.8,0.0,0.0,2.39,0.0,0.0,0.0,0.0,0.0,2.42,0.0,0.0,0.0,0.0,2.33,0.0,0.0,0.0,2.45,0.0,0.0,0.0,0.0,0.0,0.0,2.55,0.0,0.0,0.0,0.0,0.0,0.0,0.0,0.0,2.35,14.49,5.17
180135,NEW,Longstaff,M,2.8,0.0,0.0,3.16,0.0,0.0,0.0,0.0,0.0,0.0,0.0,2.75,0.0,0.0,0.0,0.0,2.27,0.0,0.0,0.0,0.0,0.0,0.0,2.26,0.0,2.14,0.0,0.0,0.0,1.9,0.0,0.0,0.0,0.0,0.0,14.48,5.17
502697,SOU,Alcaraz,M,2.5,0.0,0.0,2.31,0.0,0.0,0.0,0.0,0.0,2.41,0.0,0.0,0.0,0.0,2.29,0.0,0.0,0.0,2.48,0.0,0.0,0.0,0.0,0.0,0.0,2.61,0.0,0.0,0.0,0.0,0.0,0.0,0.0,0.0,2.35,14.46,5.78
463034,IPS,Delap,F,2.5,0.0,1.67,0.0,0.0,0.0,0.0,0.0,0.0,1.86,0.0,0.0,0.0,0.0,3.0,0.0,0.0,0.0,0.0,2.46,0.0,0.0,0.0,0.0,0.0,2.67,0.0,0.0,0.0,0.0,0.0,0.0,2.78,0.0,0.0,14.44,5.78
155408,BOU,Cook,M,2.8,0.0,0.0,2.38,0.0,0.0,0.0,0.0,0.0,0.0,0.0,2.47,0.0,0.0,2.33,0.0,0.0,0.0,0.0,0.0,0.0,2.4,0.0,0.0,0.0,2.27,0.0,0.0,0.0,0.0,0.0,0.0,0.0,0.0,2.47,14.32,5.12
219924,FUL,Diop,D,3.0,1.82,0.0,0.0,0.0,0.0,0.0,0.0,0.0,3.19,0.0,0.0,0.0,0.0,2.84,0.0,0.0,0.0,0.0,2.64,0.0,0.0,0.0,0.0,0.0,1.75,0.0,0.0,0.0,0.0,2.08,0.0,0.0,0.0,0.0,14.32,4.77
173818,IPS,Broadhead,F,2.4,0.0,2.37,0.0,0.0,0.0,0.0,0.0,0.0,2.0,0.0,0.0,0.0,0.0,2.61,0.0,0.0,0.0,0.0,2.29,0.0,0.0,0.0,0.0,0.0,2.45,0.0,0.0,0.0,0.0,0.0,0.0,2.59,0.0,0.0,14.32,5.97
221632,TOT,Romero,D,3.5,0.0,0.0,0.0,0.0,0.0,0.0,2.93,0.0,3.2,0.0,0.0,0.0,0.0,0.0,0.0,1.36,0.0,0.0,0.0,0.0,0.0,1.65,0.0,0.0,2.98,0.0,0.0,0.0,0.0,0.0,0.0,0.0,2.18,0.0,14.3,4.09
235530,NEW,Kelly,D,2.6,0.0,0.0,3.42,0.0,0.0,0.0,0.0,0.0,0.0,0.0,2.17,0.0,0.0,0.0,0.0,2.09,0.0,0.0,0.0,0.0,0.0,0.0,2.61,0.0,2.41,0.0,0.0,0.0,1.59,0.0,0.0,0.0,0.0,0.0,14.28,5.49
196411,IPS,Chaplin,F,2.7,0.0,2.36,0.0,0.0,0.0,0.0,0.0,0.0,2.0,0.0,0.0,0.0,0.0,2.64,0.0,0.0,0.0,0.0,2.24,0.0,0.0,0.0,0.0,0.0,2.42,0.0,0.0,0.0,0.0,0.0,0.0,2.5,0.0,0.0,14.16,5.24
153682,FUL,Wilson,M,2.9,2.25,0.0,0.0,0.0,0.0,0.0,0.0,0.0,2.52,0.0,0.0,0.0,0.0,2.45,0.0,0.0,0.0,0.0,2.68,0.0,0.0,0.0,0.0,0.0,2.09,0.0,0.0,0.0,0.0,2.15,0.0,0.0,0.0,0.0,14.13,4.87
74944,IPS,Morsy,M,2.4,0.0,2.39,0.0,0.0,0.0,0.0,0.0,0.0,2.12,0.0,0.0,0.0,0.0,2.42,0.0,0.0,0.0,0.0,2.25,0.0,0.0,0.0,0.0,0.0,2.43,0.0,0.0,0.0,0.0,0.0,0.0,2.41,0.0,0.0,14.01,5.84
232892,FUL,Bassey,D,2.8,1.78,0.0,0.0,0.0,0.0,0.0,0.0,0.0,3.11,0.0,0.0,0.0,0.0,2.8,0.0,0.0,0.0,0.0,2.56,0.0,0.0,0.0,0.0,0.0,1.7,0.0,0.0,0.0,0.0,2.04,0.0,0.0,0.0,0.0,13.99,4.99
513046,FOR,Danilo,M,2.3,0.0,0.0,2.43,0.0,0.0,0.0,0.0,0.0,2.43,0.0,0.0,0.0,0.0,2.45,0.0,0.0,0.0,0.0,2.1,0.0,0.0,0.0,0.0,0.0,0.0,0.0,2.16,0.0,0.0,2.35,0.0,0.0,0.0,0.0,13.92,6.05
248875,MCI,Doku,F,4.4,0.0,0.0,0.0,0.0,0.0,2.26,0.0,0.0,2.82,0.0,0.0,0.0,0.0,0.0,2.37,0.0,0.0,0.0,2.57,0.0,0.0,0.0,0.0,0.0,0.0,0.0,0.0,1.71,2.16,0.0,0.0,0.0,0.0,0.0,13.89,3.16
203341,LEI,Ndidi,M,3.2,0.0,0.0,0.0,0.0,0.0,0.0,2.51,0.0,2.34,0.0,0.0,0.0,0.0,2.47,0.0,0.0,0.0,0.0,2.22,0.0,0.0,0.0,0.0,0.0,2.32,0.0,0.0,0.0,0.0,1.95,0.0,0.0,0.0,0.0,13.81,4.31
497894,MUN,Højlund,F,4.8,2.52,0.0,0.0,0.0,0.0,0.0,0.0,2.09,0.0,0.0,0.0,0.0,0.0,0.0,0.0,0.0,2.37,2.31,0.0,0.0,0.0,0.0,0.0,0.0,0.0,2.1,0.0,0.0,0.0,0.0,0.0,0.0,2.39,0.0,13.79,2.87
179268,CHE,Cucurella,D,3.4,0.0,0.0,0.0,0.0,0.0,1.59,0.0,0.0,0.0,0.0,2.55,0.0,0.0,0.0,0.0,2.73,0.0,0.0,0.0,0.0,2.1,0.0,0.0,2.32,0.0,0.0,0.0,0.0,0.0,2.5,0.0,0.0,0.0,0.0,13.79,4.06
204580,BRE,Janelt,M,3.3,0.0,0.0,0.0,0.0,2.47,0.0,0.0,0.0,0.0,0.0,0.0,2.17,0.0,2.49,0.0,0.0,0.0,0.0,2.01,0.0,0.0,0.0,0.0,0.0,2.22,0.0,0.0,0.0,0.0,2.42,0.0,0.0,0.0,0.0,13.78,4.18
516895,MUN,Mainoo,M,3.8,2.43,0.0,0.0,0.0,0.0,0.0,0.0,2.23,0.0,0.0,0.0,0.0,0.0,0.0,0.0,0.0,2.22,2.32,0.0,0.0,0.0,0.0,0.0,0.0,0.0,2.29,0.0,0.0,0.0,0.0,0.0,0.0,2.22,0.0,13.71,3.61
544877,BOU,Kerkez,D,2.5,0.0,0.0,2.49,0.0,0.0,0.0,0.0,0.0,0.0,0.0,2.21,0.0,0.0,2.48,0.0,0.0,0.0,0.0,0.0,0.0,2.08,0.0,0.0,0.0,1.09,0.0,0.0,0.0,0.0,0.0,0.0,0.0,0.0,3.35,13.69,5.48
97299,MCI,Stones,D,4.6,0.0,0.0,0.0,0.0,0.0,1.89,0.0,0.0,2.33,0.0,0.0,0.0,0.0,0.0,2.56,0.0,0.0,0.0,2.89,0.0,0.0,0.0,0.0,0.0,0.0,0.0,0.0,2.23,1.63,0.0,0.0,0.0,0.0,0.0,13.54,2.94
486672,CHE,Caicedo,M,3.6,0.0,0.0,0.0,0.0,0.0,2.04,0.0,0.0,0.0,0.0,2.33,0.0,0.0,0.0,0.0,2.31,0.0,0.0,0.0,0.0,2.31,0.0,0.0,2.29,0.0,0.0,0.0,0.0,0.0,2.21,0.0,0.0,0.0,0.0,13.49,3.75
469142,BHA,Van Hecke,D,2.8,0.0,0.0,2.44,0.0,0.0,0.0,0.0,2.58,0.0,0.0,0.0,0.0,0.8,0.0,0.0,0.0,0.0,0.0,3.59,0.0,0.0,0.0,0.0,0.0,0.0,0.0,2.82,0.0,0.0,1.25,0.0,0.0,0.0,0.0,13.48,4.81
153366,FUL,Reed,M,2.8,2.27,0.0,0.0,0.0,0.0,0.0,0.0,0.0,2.31,0.0,0.0,0.0,0.0,2.25,0.0,0.0,0.0,0.0,2.32,0.0,0.0,0.0,0.0,0.0,2.24,0.0,0.0,0.0,0.0,2.04,0.0,0.0,0.0,0.0,13.43,4.79
244954,AVL,Pau,D,3.4,0.0,0.0,0.0,2.08,0.0,0.0,0.0,0.0,0.0,1.6,0.0,0.0,0.0,2.23,0.0,0.0,0.0,0.0,0.0,2.47,0.0,0.0,0.0,0.0,2.54,0.0,0.0,0.0,0.0,0.0,0.0,2.43,0.0,0.0,13.35,3.93
480455,EVE,Branthwaite,D,3.0,0.0,0.0,2.58,0.0,0.0,0.0,0.0,0.0,1.27,0.0,0.0,0.0,0.0,2.57,0.0,0.0,0.0,0.0,0.0,1.61,0.0,0.0,0.0,0.0,2.56,0.0,0.0,0.0,0.0,2.7,0.0,0.0,0.0,0.0,13.29,4.43
157668,LEI,Winks,M,2.6,0.0,0.0,0.0,0.0,0.0,0.0,2.31,0.0,2.22,0.0,0.0,0.0,0.0,2.28,0.0,0.0,0.0,0.0,2.2,0.0,0.0,0.0,0.0,0.0,2.21,0.0,0.0,0.0,0.0,2.01,0.0,0.0,0.0,0.0,13.24,5.09
166989,AVL,Tielemans,M,4.2,0.0,0.0,0.0,2.65,0.0,0.0,0.0,0.0,0.0,2.1,0.0,0.0,0.0,2.4,0.0,0.0,0.0,0.0,0.0,2.22,0.0,0.0,0.0,0.0,2.03,0.0,0.0,0.0,0.0,0.0,0.0,1.83,0.0,0.0,13.22,3.15
116216,ARS,Trossard,M,4.4,0.0,0.0,2.58,0.0,0.0,0.0,0.0,0.0,0.0,1.98,0.0,0.0,2.35,0.0,0.0,0.0,0.0,0.0,0.0,0.0,0.0,2.01,0.0,0.0,0.0,0.0,0.0,1.64,0.0,2.55,0.0,0.0,0.0,0.0,13.1,2.98
231065,BRE,Pinnock,D,2.8,0.0,0.0,0.0,0.0,2.95,0.0,0.0,0.0,0.0,0.0,0.0,1.11,0.0,3.43,0.0,0.0,0.0,0.0,0.98,0.0,0.0,0.0,0.0,0.0,1.7,0.0,0.0,0.0,0.0,2.89,0.0,0.0,0.0,0.0,13.05,4.66
427623,CRY,C.Richards,D,2.5,0.0,0.0,0.0,0.0,1.98,0.0,0.0,0.0,2.46,0.0,0.0,0.0,0.0,0.0,0.0,1.42,0.0,0.0,2.82,0.0,0.0,0.0,0.0,0.0,0.0,2.28,0.0,0.0,0.0,2.03,0.0,0.0,0.0,0.0,12.99,5.19
220585,SOU,Downes,M,2.6,0.0,0.0,2.15,0.0,0.0,0.0,0.0,0.0,2.14,0.0,0.0,0.0,0.0,2.07,0.0,0.0,0.0,2.2,0.0,0.0,0.0,0.0,0.0,0.0,2.27,0.0,0.0,0.0,0.0,0.0,0.0,0.0,0.0,2.14,12.97,4.99
227127,TOT,Bissouma,M,3.0,0.0,0.0,0.0,0.0,0.0,0.0,2.21,0.0,2.22,0.0,0.0,0.0,0.0,0.0,0.0,2.15,0.0,0.0,0.0,0.0,0.0,2.03,0.0,0.0,2.13,0.0,0.0,0.0,0.0,0.0,0.0,0.0,2.13,0.0,12.86,4.29
232787,CHE,Gallagher,M,4.0,0.0,0.0,0.0,0.0,0.0,2.09,0.0,0.0,0.0,0.0,2.37,0.0,0.0,0.0,0.0,2.21,0.0,0.0,0.0,0.0,2.01,0.0,0.0,2.26,0.0,0.0,0.0,0.0,0.0,1.87,0.0,0.0,0.0,0.0,12.8,3.2
199796,AVL,Cash,D,3.5,0.0,0.0,0.0,1.96,0.0,0.0,0.0,0.0,0.0,1.4,0.0,0.0,0.0,2.14,0.0,0.0,0.0,0.0,0.0,2.33,0.0,0.0,0.0,0.0,2.59,0.0,0.0,0.0,0.0,0.0,0.0,2.37,0.0,0.0,12.78,3.65
212319,TOT,Richarlison,F,5.3,0.0,0.0,0.0,0.0,0.0,0.0,2.22,0.0,2.4,0.0,0.0,0.0,0.0,0.0,0.0,2.05,0.0,0.0,0.0,0.0,0.0,1.64,0.0,0.0,2.3,0.0,0.0,0.0,0.0,0.0,0.0,0.0,2.16,0.0,12.75,2.41
158983,LIV,Endo,M,3.0,0.0,2.24,0.0,0.0,0.0,0.0,0.0,0.0,0.0,0.0,0.0,2.12,0.0,0.0,0.0,0.0,2.05,0.0,2.09,0.0,0.0,0.0,0.0,0.0,2.15,0.0,0.0,0.0,0.0,0.0,2.08,0.0,0.0,0.0,12.74,4.25
106606,IPS,Luongo,M,2.3,0.0,2.2,0.0,0.0,0.0,0.0,0.0,0.0,1.95,0.0,0.0,0.0,0.0,2.21,0.0,0.0,0.0,0.0,2.03,0.0,0.0,0.0,0.0,0.0,2.16,0.0,0.0,0.0,0.0,0.0,0.0,2.17,0.0,0.0,12.72,5.53
458249,MUN,Zirkzee,F,4.7,2.41,0.0,0.0,0.0,0.0,0.0,0.0,2.06,0.0,0.0,0.0,0.0,0.0,0.0,0.0,0.0,1.82,2.3,0.0,0.0,0.0,0.0,0.0,0.0,0.0,1.83,0.0,0.0,0.0,0.0,0.0,0.0,2.22,0.0,12.64,2.69
220362,CHE,Disasi,D,3.8,0.0,0.0,0.0,0.0,0.0,1.56,0.0,0.0,0.0,0.0,2.3,0.0,0.0,0.0,0.0,2.48,0.0,0.0,0.0,0.0,1.91,0.0,0.0,2.06,0.0,0.0,0.0,0.0,0.0,2.27,0.0,0.0,0.0,0.0,12.59,3.31
180974,NEW,Joelinton,M,3.5,0.0,0.0,3.05,0.0,0.0,0.0,0.0,0.0,0.0,0.0,2.61,0.0,0.0,0.0,0.0,1.81,0.0,0.0,0.0,0.0,0.0,0.0,1.81,0.0,1.78,0.0,0.0,0.0,1.49,0.0,0.0,0.0,0.0,0.0,12.55,3.59
194010,BRE,Henry,D,3.0,0.0,0.0,0.0,0.0,2.94,0.0,0.0,0.0,0.0,0.0,0.0,0.92,0.0,3.37,0.0,0.0,0.0,0.0,0.83,0.0,0.0,0.0,0.0,0.0,1.58,0.0,0.0,0.0,0.0,2.9,0.0,0.0,0.0,0.0,12.54,4.18
51927,BRE,Mee,D,3.0,0.0,0.0,0.0,0.0,2.87,0.0,0.0,0.0,0.0,0.0,0.0,1.05,0.0,3.23,0.0,0.0,0.0,0.0,0.93,0.0,0.0,0.0,0.0,0.0,1.61,0.0,0.0,0.0,0.0,2.86,0.0,0.0,0.0,0.0,12.53,4.18
152551,CRY,Lerma,M,3.0,0.0,0.0,0.0,0.0,2.08,0.0,0.0,0.0,2.24,0.0,0.0,0.0,0.0,0.0,0.0,1.98,0.0,0.0,2.14,0.0,0.0,0.0,0.0,0.0,0.0,2.09,0.0,0.0,0.0,2.0,0.0,0.0,0.0,0.0,12.53,4.18
18892,EVE,Young,D,2.5,0.0,0.0,2.27,0.0,0.0,0.0,0.0,0.0,1.51,0.0,0.0,0.0,0.0,2.26,0.0,0.0,0.0,0.0,0.0,1.75,0.0,0.0,0.0,0.0,2.29,0.0,0.0,0.0,0.0,2.41,0.0,0.0,0.0,0.0,12.49,5.0
149929,IPS,Burns,F,2.6,0.0,2.04,0.0,0.0,0.0,0.0,0.0,0.0,1.79,0.0,0.0,0.0,0.0,2.32,0.0,0.0,0.0,0.0,1.91,0.0,0.0,0.0,0.0,0.0,2.15,0.0,0.0,0.0,0.0,0.0,0.0,2.24,0.0,0.0,12.45,4.79
221466,BOU,Senesi,D,2.8,0.0,0.0,2.31,0.0,0.0,0.0,0.0,0.0,0.0,0.0,1.93,0.0,0.0,2.39,0.0,0.0,0.0,0.0,0.0,0.0,1.8,0.0,0.0,0.0,0.62,0.0,0.0,0.0,0.0,0.0,0.0,0.0,0.0,3.34,12.39,4.42
491279,TOT,Van de Ven,D,3.4,0.0,0.0,0.0,0.0,0.0,0.0,2.54,0.0,2.76,0.0,0.0,0.0,0.0,0.0,0.0,1.11,0.0,0.0,0.0,0.0,0.0,1.52,0.0,0.0,2.56,0.0,0.0,0.0,0.0,0.0,0.0,0.0,1.86,0.0,12.34,3.63
449871,AVL,Onana,M,3.1,0.0,0.0,0.0,2.27,0.0,0.0,0.0,0.0,0.0,1.94,0.0,0.0,0.0,2.2,0.0,0.0,0.0,0.0,0.0,2.03,0.0,0.0,0.0,0.0,2.01,0.0,0.0,0.0,0.0,0.0,0.0,1.77,0.0,0.0,12.22,3.94
245419,LEI,Daka,F,2.6,0.0,0.0,0.0,0.0,0.0,0.0,2.2,0.0,2.02,0.0,0.0,0.0,0.0,2.24,0.0,0.0,0.0,0.0,1.97,0.0,0.0,0.0,0.0,0.0,2.26,0.0,0.0,0.0,0.0,1.46,0.0,0.0,0.0,0.0,12.15,4.67
482442,TOT,Sarr,M,2.9,0.0,0.0,0.0,0.0,0.0,0.0,2.12,0.0,2.12,0.0,0.0,0.0,0.0,0.0,0.0,1.96,0.0,0.0,0.0,0.0,0.0,1.8,0.0,0.0,2.09,0.0,0.0,0.0,0.0,0.0,0.0,0.0,2.01,0.0,12.11,4.18
216051,MUN,Dalot,D,3.3,2.58,0.0,0.0,0.0,0.0,0.0,0.0,1.86,0.0,0.0,0.0,0.0,0.0,0.0,0.0,0.0,1.46,2.37,0.0,0.0,0.0,0.0,0.0,0.0,0.0,1.98,0.0,0.0,0.0,0.0,0.0,0.0,1.85,0.0,12.09,3.66
440993,EVE,Ndiaye,M,2.9,0.0,0.0,1.85,0.0,0.0,0.0,0.0,0.0,1.84,0.0,0.0,0.0,0.0,2.05,0.0,0.0,0.0,0.0,0.0,1.98,0.0,0.0,0.0,0.0,2.11,0.0,0.0,0.0,0.0,2.22,0.0,0.0,0.0,0.0,12.07,4.16
106760,MUN,Shaw,D,4.3,2.75,0.0,0.0,0.0,0.0,0.0,0.0,1.8,0.0,0.0,0.0,0.0,0.0,0.0,0.0,0.0,1.27,2.43,0.0,0.0,0.0,0.0,0.0,0.0,0.0,1.99,0.0,0.0,0.0,0.0,0.0,0.0,1.78,0.0,12.03,2.8
199670,CRY,Edouard,F,4.0,0.0,0.0,0.0,0.0,2.73,0.0,0.0,0.0,2.36,0.0,0.0,0.0,0.0,0.0,0.0,1.53,0.0,0.0,1.94,0.0,0.0,0.0,0.0,0.0,0.0,1.77,0.0,0.0,0.0,1.61,0.0,0.0,0.0,0.0,11.94,2.99
213999,WHU,Álvarez,M,3.5,0.0,0.0,0.0,0.92,0.0,0.0,0.0,0.0,2.14,0.0,0.0,0.0,0.0,0.0,2.08,0.0,0.0,0.0,2.3,0.0,0.0,0.0,0.0,2.3,0.0,0.0,0.0,0.0,0.0,2.17,0.0,0.0,0.0,0.0,11.92,3.41
39155,SOU,Lallana,M,2.7,0.0,0.0,1.75,0.0,0.0,0.0,0.0,0.0,2.03,0.0,0.0,0.0,0.0,1.87,0.0,0.0,0.0,2.13,0.0,0.0,0.0,0.0,0.0,0.0,2.27,0.0,0.0,0.0,0.0,0.0,0.0,0.0,0.0,1.81,11.86,4.39
224024,WHU,L.Paquetá,M,4.0,0.0,0.0,0.0,3.11,0.0,0.0,0.0,0.0,2.38,0.0,0.0,0.0,0.0,0.0,1.41,0.0,0.0,0.0,1.68,0.0,0.0,0.0,0.0,1.64,0.0,0.0,0.0,0.0,0.0,1.63,0.0,0.0,0.0,0.0,11.85,2.96
49262,BHA,Steele,G,2.9,0.0,0.0,3.17,0.0,0.0,0.0,0.0,3.48,0.0,0.0,0.0,0.0,1.99,0.0,0.0,0.0,0.0,0.0,1.13,0.0,0.0,0.0,0.0,0.0,0.0,0.0,1.14,0.0,0.0,0.84,0.0,0.0,0.0,0.0,11.76,4.06
95658,MUN,Maguire,D,3.2,2.65,0.0,0.0,0.0,0.0,0.0,0.0,1.77,0.0,0.0,0.0,0.0,0.0,0.0,0.0,0.0,1.24,2.34,0.0,0.0,0.0,0.0,0.0,0.0,0.0,1.94,0.0,0.0,0.0,0.0,0.0,0.0,1.72,0.0,11.66,3.64
222625,IPS,Hirst,F,2.4,0.0,2.31,0.0,0.0,0.0,0.0,0.0,0.0,1.8,0.0,0.0,0.0,0.0,1.92,0.0,0.0,0.0,0.0,1.62,0.0,0.0,0.0,0.0,0.0,2.11,0.0,0.0,0.0,0.0,0.0,0.0,1.87,0.0,0.0,11.65,4.85
221820,MUN,Martinez,D,3.8,2.66,0.0,0.0,0.0,0.0,0.0,0.0,1.74,0.0,0.0,0.0,0.0,0.0,0.0,0.0,0.0,1.19,2.35,0.0,0.0,0.0,0.0,0.0,0.0,0.0,1.96,0.0,0.0,0.0,0.0,0.0,0.0,1.7,0.0,11.6,3.05
477580,BOU,Zabarnyi,D,2.6,0.0,0.0,2.21,0.0,0.0,0.0,0.0,0.0,0.0,0.0,1.78,0.0,0.0,2.24,0.0,0.0,0.0,0.0,0.0,0.0,1.7,0.0,0.0,0.0,0.64,0.0,0.0,0.0,0.0,0.0,0.0,0.0,0.0,3.04,11.6,4.46
472713,BRE,Hickey,D,2.6,0.0,0.0,0.0,0.0,2.75,0.0,0.0,0.0,0.0,0.0,0.0,0.76,0.0,3.2,0.0,0.0,0.0,0.0,0.67,0.0,0.0,0.0,0.0,0.0,1.41,0.0,0.0,0.0,0.0,2.74,0.0,0.0,0.0,0.0,11.53,4.44
114243,NEW,J.Murphy,M,2.9,0.0,0.0,2.25,0.0,0.0,0.0,0.0,0.0,0.0,0.0,1.86,0.0,0.0,0.0,0.0,2.13,0.0,0.0,0.0,0.0,0.0,0.0,1.92,0.0,1.85,0.0,0.0,0.0,1.48,0.0,0.0,0.0,0.0,0.0,11.48,3.96
482609,CHE,Gusto,D,3.3,0.0,0.0,0.0,0.0,0.0,1.81,0.0,0.0,0.0,0.0,2.95,0.0,0.0,0.0,0.0,3.17,0.0,0.0,0.0,0.0,1.05,0.0,0.0,1.19,0.0,0.0,0.0,0.0,0.0,1.3,0.0,0.0,0.0,0.0,11.48,3.48
158534,SOU,Walker-Peters,D,2.6,0.0,0.0,1.11,0.0,0.0,0.0,0.0,0.0,2.16,0.0,0.0,0.0,0.0,1.72,0.0,0.0,0.0,2.04,0.0,0.0,0.0,0.0,0.0,0.0,2.74,0.0,0.0,0.0,0.0,0.0,0.0,0.0,0.0,1.64,11.41,4.39
111931,LEI,Ricardo,D,2.9,0.0,0.0,0.0,0.0,0.0,0.0,1.87,0.0,2.19,0.0,0.0,0.0,0.0,2.11,0.0,0.0,0.0,0.0,1.99,0.0,0.0,0.0,0.0,0.0,2.56,0.0,0.0,0.0,0.0,0.64,0.0,0.0,0.0,0.0,11.37,3.92
424876,LIV,Szoboszlai,M,4.0,0.0,1.84,0.0,0.0,0.0,0.0,0.0,0.0,0.0,0.0,0.0,1.95,0.0,0.0,0.0,0.0,1.8,0.0,1.88,0.0,0.0,0.0,0.0,0.0,2.03,0.0,0.0,0.0,0.0,0.0,1.81,0.0,0.0,0.0,11.32,2.83
204968,FOR,Yates,M,2.4,0.0,0.0,2.03,0.0,0.0,0.0,0.0,0.0,1.64,0.0,0.0,0.0,0.0,2.01,0.0,0.0,0.0,0.0,1.84,0.0,0.0,0.0,0.0,0.0,0.0,0.0,1.82,0.0,0.0,1.93,0.0,0.0,0.0,0.0,11.27,4.69
205651,ARS,G.Jesus,F,6.0,0.0,0.0,2.06,0.0,0.0,0.0,0.0,0.0,0.0,1.57,0.0,0.0,1.97,0.0,0.0,0.0,0.0,0.0,0.0,0.0,0.0,1.69,0.0,0.0,0.0,0.0,0.0,1.38,0.0,2.51,0.0,0.0,0.0,0.0,11.17,1.86
230348,SOU,Stewart,F,2.3,0.0,0.0,1.65,0.0,0.0,0.0,0.0,0.0,2.01,0.0,0.0,0.0,0.0,1.67,0.0,0.0,0.0,2.01,0.0,0.0,0.0,0.0,0.0,0.0,2.13,0.0,0.0,0.0,0.0,0.0,0.0,0.0,0.0,1.62,11.09,4.82
245719,SOU,Harwood-Bellis,D,2.3,0.0,0.0,0.76,0.0,0.0,0.0,0.0,0.0,2.25,0.0,0.0,0.0,0.0,1.64,0.0,0.0,0.0,1.95,0.0,0.0,0.0,0.0,0.0,0.0,2.94,0.0,0.0,0.0,0.0,0.0,0.0,0.0,0.0,1.54,11.09,4.82
219279,SOU,Sugawara,D,2.4,0.0,0.0,1.04,0.0,0.0,0.0,0.0,0.0,2.15,0.0,0.0,0.0,0.0,1.65,0.0,0.0,0.0,1.86,0.0,0.0,0.0,0.0,0.0,0.0,2.73,0.0,0.0,0.0,0.0,0.0,0.0,0.0,0.0,1.56,11.0,4.58
164555,WHU,Coufal,D,3.2,0.0,0.0,0.0,2.05,0.0,0.0,0.0,0.0,1.99,0.0,0.0,0.0,0.0,0.0,1.17,0.0,0.0,0.0,2.13,0.0,0.0,0.0,0.0,1.63,0.0,0.0,0.0,0.0,0.0,1.93,0.0,0.0,0.0,0.0,10.9,3.41
103192,WHU,Zouma,D,3.1,0.0,0.0,0.0,2.03,0.0,0.0,0.0,0.0,1.98,0.0,0.0,0.0,0.0,0.0,1.3,0.0,0.0,0.0,2.01,0.0,0.0,0.0,0.0,1.65,0.0,0.0,0.0,0.0,0.0,1.86,0.0,0.0,0.0,0.0,10.83,3.49
54469,BOU,Smith,D,2.7,0.0,0.0,2.05,0.0,0.0,0.0,0.0,0.0,0.0,0.0,1.7,0.0,0.0,2.05,0.0,0.0,0.0,0.0,0.0,0.0,1.59,0.0,0.0,0.0,0.83,0.0,0.0,0.0,0.0,0.0,0.0,0.0,0.0,2.61,10.83,4.01
432830,BRE,Collins,D,2.7,0.0,0.0,0.0,0.0,2.27,0.0,0.0,0.0,0.0,0.0,0.0,1.03,0.0,2.72,0.0,0.0,0.0,0.0,0.94,0.0,0.0,0.0,0.0,0.0,1.43,0.0,0.0,0.0,0.0,2.38,0.0,0.0,0.0,0.0,10.77,3.99
440089,BRE,Damsgaard,M,3.7,0.0,0.0,0.0,0.0,1.65,0.0,0.0,0.0,0.0,0.0,0.0,1.56,0.0,2.14,0.0,0.0,0.0,0.0,1.47,0.0,0.0,0.0,0.0,0.0,1.71,0.0,0.0,0.0,0.0,2.19,0.0,0.0,0.0,0.0,10.72,2.9
215379,FOR,Anderson,M,2.8,0.0,0.0,1.75,0.0,0.0,0.0,0.0,0.0,1.81,0.0,0.0,0.0,0.0,1.92,0.0,0.0,0.0,0.0,1.59,0.0,0.0,0.0,0.0,0.0,0.0,0.0,1.71,0.0,0.0,1.9,0.0,0.0,0.0,0.0,10.68,3.81
224995,BOU,Sinisterra,M,3.0,0.0,0.0,1.66,0.0,0.0,0.0,0.0,0.0,0.0,0.0,1.92,0.0,0.0,1.75,0.0,0.0,0.0,0.0,0.0,0.0,1.83,0.0,0.0,0.0,1.49,0.0,0.0,0.0,0.0,0.0,0.0,0.0,0.0,1.99,10.64,3.55
477386,SOU,Bella-Kotchap,D,2.3,0.0,0.0,0.99,0.0,0.0,0.0,0.0,0.0,2.06,0.0,0.0,0.0,0.0,1.6,0.0,0.0,0.0,1.87,0.0,0.0,0.0,0.0,0.0,0.0,2.61,0.0,0.0,0.0,0.0,0.0,0.0,0.0,0.0,1.52,10.64,4.62
476888,SOU,Mara,F,2.2,0.0,0.0,1.57,0.0,0.0,0.0,0.0,0.0,1.66,0.0,0.0,0.0,0.0,1.68,0.0,0.0,0.0,1.95,0.0,0.0,0.0,0.0,0.0,0.0,2.17,0.0,0.0,0.0,0.0,0.0,0.0,0.0,0.0,1.54,10.58,4.81
103914,SOU,Taylor,D,2.4,0.0,0.0,1.02,0.0,0.0,0.0,0.0,0.0,2.11,0.0,0.0,0.0,0.0,1.61,0.0,0.0,0.0,1.84,0.0,0.0,0.0,0.0,0.0,0.0,2.48,0.0,0.0,0.0,0.0,0.0,0.0,0.0,0.0,1.5,10.55,4.4
111478,BHA,Veltman,D,3.2,0.0,0.0,2.01,0.0,0.0,0.0,0.0,2.02,0.0,0.0,0.0,0.0,1.02,0.0,0.0,0.0,0.0,0.0,2.48,0.0,0.0,0.0,0.0,0.0,0.0,0.0,2.12,0.0,0.0,0.87,0.0,0.0,0.0,0.0,10.52,3.29
88484,WOL,Sarabia,M,3.4,0.0,0.0,1.38,0.0,0.0,0.0,0.0,0.0,0.0,0.0,1.95,0.0,0.0,1.82,0.0,0.0,0.0,0.0,0.0,0.0,0.0,0.0,1.93,0.0,1.72,0.0,0.0,0.0,0.0,0.0,1.64,0.0,0.0,0.0,10.44,3.07
455084,IPS,Davis,D,2.5,0.0,1.19,0.0,0.0,0.0,0.0,0.0,0.0,0.16,0.0,0.0,0.0,0.0,2.75,0.0,0.0,0.0,0.0,1.78,0.0,0.0,0.0,0.0,0.0,2.43,0.0,0.0,0.0,0.0,0.0,0.0,2.12,0.0,0.0,10.42,4.17
225902,LEI,B.Soumaré,M,2.5,0.0,0.0,0.0,0.0,0.0,0.0,1.74,0.0,1.73,0.0,0.0,0.0,0.0,1.77,0.0,0.0,0.0,0.0,1.7,0.0,0.0,0.0,0.0,0.0,1.82,0.0,0.0,0.0,0.0,1.66,0.0,0.0,0.0,0.0,10.41,4.16
109533,WHU,Emerson,D,2.4,0.0,0.0,0.0,1.94,0.0,0.0,0.0,0.0,1.9,0.0,0.0,0.0,0.0,0.0,1.13,0.0,0.0,0.0,2.05,0.0,0.0,0.0,0.0,1.54,0.0,0.0,0.0,0.0,0.0,1.84,0.0,0.0,0.0,0.0,10.4,4.33
218218,LEI,Faes,D,2.8,0.0,0.0,0.0,0.0,0.0,0.0,1.59,0.0,2.02,0.0,0.0,0.0,0.0,1.92,0.0,0.0,0.0,0.0,1.9,0.0,0.0,0.0,0.0,0.0,2.52,0.0,0.0,0.0,0.0,0.37,0.0,0.0,0.0,0.0,10.33,3.69
216646,BRE,Wissa,F,3.3,0.0,0.0,0.0,0.0,1.78,0.0,0.0,0.0,0.0,0.0,0.0,1.45,0.0,2.09,0.0,0.0,0.0,0.0,1.34,0.0,0.0,0.0,0.0,0.0,1.61,0.0,0.0,0.0,0.0,2.0,0.0,0.0,0.0,0.0,10.26,3.11
432422,NEW,Tonali,M,3.7,0.0,0.0,0.0,0.0,0.0,0.0,0.0,0.0,0.0,0.0,0.0,0.0,0.0,0.0,0.0,2.71,0.0,0.0,0.0,0.0,0.0,0.0,2.65,0.0,2.53,0.0,0.0,0.0,2.29,0.0,0.0,0.0,0.0,0.0,10.19,2.75
202993,TOT,Bentancur,M,3.5,0.0,0.0,0.0,0.0,0.0,0.0,1.88,0.0,1.86,0.0,0.0,0.0,0.0,0.0,0.0,1.48,0.0,0.0,0.0,0.0,0.0,1.4,0.0,0.0,1.86,0.0,0.0,0.0,0.0,0.0,0.0,0.0,1.6,0.0,10.08,2.88
76357,FUL,Cairney,M,2.9,1.36,0.0,0.0,0.0,0.0,0.0,0.0,0.0,1.61,0.0,0.0,0.0,0.0,1.59,0.0,0.0,0.0,0.0,1.79,0.0,0.0,0.0,0.0,0.0,1.88,0.0,0.0,0.0,0.0,1.75,0.0,0.0,0.0,0.0,9.99,3.44
96994,LEI,De Cordova-Reid,F,3.2,0.0,0.0,0.0,0.0,0.0,0.0,1.69,0.0,1.67,0.0,0.0,0.0,0.0,1.86,0.0,0.0,0.0,0.0,1.6,0.0,0.0,0.0,0.0,0.0,1.81,0.0,0.0,0.0,0.0,1.34,0.0,0.0,0.0,0.0,9.97,3.12
222018,IPS,Johnson,D,2.6,0.0,1.2,0.0,0.0,0.0,0.0,0.0,0.0,0.32,0.0,0.0,0.0,0.0,2.51,0.0,0.0,0.0,0.0,1.68,0.0,0.0,0.0,0.0,0.0,2.22,0.0,0.0,0.0,0.0,0.0,0.0,1.95,0.0,0.0,9.89,3.8
201666,NEW,Barnes,M,4.4,0.0,0.0,1.93,0.0,0.0,0.0,0.0,0.0,0.0,0.0,1.59,0.0,0.0,0.0,0.0,1.66,0.0,0.0,0.0,0.0,0.0,0.0,1.67,0.0,1.66,0.0,0.0,0.0,1.38,0.0,0.0,0.0,0.0,0.0,9.89,2.25
75115,NEW,Wilson,F,5.0,0.0,0.0,1.81,0.0,0.0,0.0,0.0,0.0,0.0,0.0,1.52,0.0,0.0,0.0,0.0,1.73,0.0,0.0,0.0,0.0,0.0,0.0,1.7,0.0,1.71,0.0,0.0,0.0,1.39,0.0,0.0,0.0,0.0,0.0,9.86,1.97
214048,WHU,Kilman,D,3.1,0.0,0.0,0.0,1.8,0.0,0.0,0.0,0.0,1.78,0.0,0.0,0.0,0.0,0.0,1.17,0.0,0.0,0.0,1.88,0.0,0.0,0.0,0.0,1.46,0.0,0.0,0.0,0.0,0.0,1.74,0.0,0.0,0.0,0.0,9.83,3.17
242880,CHE,B.Badiashile,D,3.2,0.0,0.0,0.0,0.0,0.0,1.44,0.0,0.0,0.0,0.0,2.1,0.0,0.0,0.0,0.0,2.01,0.0,0.0,0.0,0.0,1.35,0.0,0.0,1.39,0.0,0.0,0.0,0.0,0.0,1.5,0.0,0.0,0.0,0.0,9.79,3.06
114283,MCI,Grealish,M,4.7,0.0,0.0,0.0,0.0,0.0,1.44,0.0,0.0,2.05,0.0,0.0,0.0,0.0,0.0,1.6,0.0,0.0,0.0,1.74,0.0,0.0,0.0,0.0,0.0,0.0,0.0,0.0,1.36,1.52,0.0,0.0,0.0,0.0,0.0,9.7,2.06
489639,BHA,Verbruggen,G,3.0,0.0,0.0,0.0,0.0,0.0,0.0,0.0,0.0,0.0,0.0,0.0,0.0,0.77,0.0,0.0,0.0,0.0,0.0,3.61,0.0,0.0,0.0,0.0,0.0,0.0,0.0,3.05,0.0,0.0,2.28,0.0,0.0,0.0,0.0,9.7,3.23
473341,LEI,Okoli,D,2.2,0.0,0.0,0.0,0.0,0.0,0.0,1.53,0.0,1.8,0.0,0.0,0.0,0.0,1.71,0.0,0.0,0.0,0.0,1.67,0.0,0.0,0.0,0.0,0.0,2.15,0.0,0.0,0.0,0.0,0.72,0.0,0.0,0.0,0.0,9.59,4.36
448514,WOL,Aït-Nouri,D,2.9,0.0,0.0,0.56,0.0,0.0,0.0,0.0,0.0,0.0,0.0,1.8,0.0,0.0,2.14,0.0,0.0,0.0,0.0,0.0,0.0,0.0,0.0,1.9,0.0,1.66,0.0,0.0,0.0,0.0,0.0,1.44,0.0,0.0,0.0,9.49,3.27
247412,WOL,Strand Larsen,F,2.8,0.0,0.0,1.18,0.0,0.0,0.0,0.0,0.0,0.0,0.0,1.67,0.0,0.0,1.56,0.0,0.0,0.0,0.0,0.0,0.0,0.0,0.0,1.75,0.0,1.68,0.0,0.0,0.0,0.0,0.0,1.6,0.0,0.0,0.0,9.43,3.37
171771,SOU,Bednarek,D,2.3,0.0,0.0,0.69,0.0,0.0,0.0,0.0,0.0,1.88,0.0,0.0,0.0,0.0,1.39,0.0,0.0,0.0,1.62,0.0,0.0,0.0,0.0,0.0,0.0,2.44,0.0,0.0,0.0,0.0,0.0,0.0,0.0,0.0,1.28,9.3,4.04
445122,ARS,J.Timber,D,4.0,0.0,0.0,2.12,0.0,0.0,0.0,0.0,0.0,0.0,1.54,0.0,0.0,1.74,0.0,0.0,0.0,0.0,0.0,0.0,0.0,0.0,1.22,0.0,0.0,0.0,0.0,0.0,0.89,0.0,1.74,0.0,0.0,0.0,0.0,9.26,2.31
465920,CHE,Mudryk,M,4.9,0.0,0.0,0.0,0.0,0.0,1.25,0.0,0.0,0.0,0.0,1.58,0.0,0.0,0.0,0.0,1.67,0.0,0.0,0.0,0.0,1.42,0.0,0.0,1.64,0.0,0.0,0.0,0.0,0.0,1.64,0.0,0.0,0.0,0.0,9.2,1.88
535818,BHA,Adingra,F,3.1,0.0,0.0,2.1,0.0,0.0,0.0,0.0,1.99,0.0,0.0,0.0,0.0,1.33,0.0,0.0,0.0,0.0,0.0,1.72,0.0,0.0,0.0,0.0,0.0,0.0,0.0,1.08,0.0,0.0,0.97,0.0,0.0,0.0,0.0,9.19,2.96
165153,TOT,Werner,F,4.8,0.0,0.0,0.0,0.0,0.0,0.0,1.54,0.0,1.63,0.0,0.0,0.0,0.0,0.0,0.0,1.44,0.0,0.0,0.0,0.0,0.0,1.26,0.0,0.0,1.72,0.0,0.0,0.0,0.0,0.0,0.0,0.0,1.6,0.0,9.19,1.91
450434,BHA,Undav,F,3.2,0.0,0.0,1.36,0.0,0.0,0.0,0.0,1.63,0.0,0.0,0.0,0.0,1.13,0.0,0.0,0.0,0.0,0.0,1.88,0.0,0.0,0.0,0.0,0.0,0.0,0.0,1.68,0.0,0.0,1.43,0.0,0.0,0.0,0.0,9.11,2.85
93100,LEI,Vestergaard,D,2.5,0.0,0.0,0.0,0.0,0.0,0.0,1.38,0.0,1.67,0.0,0.0,0.0,0.0,1.58,0.0,0.0,0.0,0.0,1.62,0.0,0.0,0.0,0.0,0.0,1.9,0.0,0.0,0.0,0.0,0.6,0.0,0.0,0.0,0.0,8.74,3.5
165659,AVL,Diego Carlos,D,3.0,0.0,0.0,0.0,1.21,0.0,0.0,0.0,0.0,0.0,1.01,0.0,0.0,0.0,1.47,0.0,0.0,0.0,0.0,0.0,1.6,0.0,0.0,0.0,0.0,1.6,0.0,0.0,0.0,0.0,0.0,0.0,1.71,0.0,0.0,8.59,2.86
103955,CHE,Sterling,F,5.3,0.0,0.0,0.0,0.0,0.0,1.05,0.0,0.0,0.0,0.0,1.39,0.0,0.0,0.0,0.0,1.58,0.0,0.0,0.0,0.0,1.37,0.0,0.0,1.55,0.0,0.0,0.0,0.0,0.0,1.51,0.0,0.0,0.0,0.0,8.45,1.59
200089,NEW,Willock,M,3.3,0.0,0.0,1.98,0.0,0.0,0.0,0.0,0.0,0.0,0.0,1.8,0.0,0.0,0.0,0.0,1.21,0.0,0.0,0.0,0.0,0.0,0.0,1.17,0.0,1.16,0.0,0.0,0.0,1.03,0.0,0.0,0.0,0.0,0.0,8.35,2.53
449429,IPS,Greaves,D,2.2,0.0,0.97,0.0,0.0,0.0,0.0,0.0,0.0,0.23,0.0,0.0,0.0,0.0,2.15,0.0,0.0,0.0,0.0,1.43,0.0,0.0,0.0,0.0,0.0,1.94,0.0,0.0,0.0,0.0,0.0,0.0,1.63,0.0,0.0,8.35,3.8
122411,IPS,Burgess,D,2.3,0.0,1.03,0.0,0.0,0.0,0.0,0.0,0.0,0.56,0.0,0.0,0.0,0.0,1.85,0.0,0.0,0.0,0.0,1.43,0.0,0.0,0.0,0.0,0.0,1.84,0.0,0.0,0.0,0.0,0.0,0.0,1.62,0.0,0.0,8.31,3.61
223434,BHA,Igor,D,2.7,0.0,0.0,1.95,0.0,0.0,0.0,0.0,2.12,0.0,0.0,0.0,0.0,1.02,0.0,0.0,0.0,0.0,0.0,1.69,0.0,0.0,0.0,0.0,0.0,0.0,0.0,0.94,0.0,0.0,0.58,0.0,0.0,0.0,0.0,8.3,3.07
101188,AVL,Digne,D,3.4,0.0,0.0,0.0,1.36,0.0,0.0,0.0,0.0,0.0,0.93,0.0,0.0,0.0,1.43,0.0,0.0,0.0,0.0,0.0,1.51,0.0,0.0,0.0,0.0,1.56,0.0,0.0,0.0,0.0,0.0,0.0,1.46,0.0,0.0,8.24,2.42
102057,FUL,Raúl,F,3.8,1.17,0.0,0.0,0.0,0.0,0.0,0.0,0.0,1.44,0.0,0.0,0.0,0.0,1.4,0.0,0.0,0.0,0.0,1.56,0.0,0.0,0.0,0.0,0.0,1.42,0.0,0.0,0.0,0.0,1.2,0.0,0.0,0.0,0.0,8.19,2.16
80146,CRY,J.Ayew,F,3.7,0.0,0.0,0.0,0.0,1.36,0.0,0.0,0.0,1.53,0.0,0.0,0.0,0.0,0.0,0.0,1.2,0.0,0.0,1.44,0.0,0.0,0.0,0.0,0.0,0.0,1.36,0.0,0.0,0.0,1.28,0.0,0.0,0.0,0.0,8.17,2.21
457569,CHE,Petrović,G,3.5,0.0,0.0,0.0,0.0,0.0,1.36,0.0,0.0,0.0,0.0,1.12,0.0,0.0,0.0,0.0,1.32,0.0,0.0,0.0,0.0,1.34,0.0,0.0,1.37,0.0,0.0,0.0,0.0,0.0,1.58,0.0,0.0,0.0,0.0,8.09,2.31
441302,AVL,Maatsen,D,3.0,0.0,0.0,0.0,1.24,0.0,0.0,0.0,0.0,0.0,0.91,0.0,0.0,0.0,1.32,0.0,0.0,0.0,0.0,0.0,1.43,0.0,0.0,0.0,0.0,1.54,0.0,0.0,0.0,0.0,0.0,0.0,1.5,0.0,0.0,7.94,2.65
69752,BOU,Neto,G,2.7,0.0,0.0,1.28,0.0,0.0,0.0,0.0,0.0,0.0,0.0,1.32,0.0,0.0,1.19,0.0,0.0,0.0,0.0,0.0,0.0,1.34,0.0,0.0,0.0,1.23,0.0,0.0,0.0,0.0,0.0,0.0,0.0,0.0,1.55,7.9,2.93
220583,IPS,Woolfenden,D,2.4,0.0,0.94,0.0,0.0,0.0,0.0,0.0,0.0,0.29,0.0,0.0,0.0,0.0,1.98,0.0,0.0,0.0,0.0,1.35,0.0,0.0,0.0,0.0,0.0,1.77,0.0,0.0,0.0,0.0,0.0,0.0,1.47,0.0,0.0,7.81,3.25
248857,CHE,Madueke,F,3.6,0.0,0.0,0.0,0.0,0.0,1.02,0.0,0.0,0.0,0.0,1.32,0.0,0.0,0.0,0.0,1.35,0.0,0.0,0.0,0.0,1.3,0.0,0.0,1.33,0.0,0.0,0.0,0.0,0.0,1.34,0.0,0.0,0.0,0.0,7.66,2.13
231480,WOL,S.Bueno,D,2.6,0.0,0.0,0.37,0.0,0.0,0.0,0.0,0.0,0.0,0.0,1.42,0.0,0.0,1.86,0.0,0.0,0.0,0.0,0.0,0.0,0.0,0.0,1.54,0.0,1.33,0.0,0.0,0.0,0.0,0.0,1.12,0.0,0.0,0.0,7.65,2.94
171287,LIV,Gomez,D,3.9,0.0,1.03,0.0,0.0,0.0,0.0,0.0,0.0,0.0,0.0,0.0,1.18,0.0,0.0,0.0,0.0,1.12,0.0,1.44,0.0,0.0,0.0,0.0,0.0,1.43,0.0,0.0,0.0,0.0,0.0,1.46,0.0,0.0,0.0,7.65,1.96
533463,BOU,O.Dango,F,3.1,0.0,0.0,1.05,0.0,0.0,0.0,0.0,0.0,0.0,0.0,1.3,0.0,0.0,1.23,0.0,0.0,0.0,0.0,0.0,0.0,1.35,0.0,0.0,0.0,1.18,0.0,0.0,0.0,0.0,0.0,0.0,0.0,0.0,1.5,7.61,2.46
503139,BOU,Scott,M,2.5,0.0,0.0,1.1,0.0,0.0,0.0,0.0,0.0,0.0,0.0,1.31,0.0,0.0,1.21,0.0,0.0,0.0,0.0,0.0,0.0,1.22,0.0,0.0,0.0,1.18,0.0,0.0,0.0,0.0,0.0,0.0,0.0,0.0,1.58,7.61,3.04
444884,LIV,Elliott,M,3.5,0.0,1.13,0.0,0.0,0.0,0.0,0.0,0.0,0.0,0.0,0.0,1.16,0.0,0.0,0.0,0.0,1.12,0.0,1.32,0.0,0.0,0.0,0.0,0.0,1.37,0.0,0.0,0.0,0.0,0.0,1.25,0.0,0.0,0.0,7.35,2.1
225796,CHE,James,D,4.8,0.0,0.0,0.0,0.0,0.0,0.0,0.0,0.0,0.0,0.0,0.0,0.0,0.0,0.0,0.0,0.0,0.0,0.0,0.0,0.0,2.27,0.0,0.0,2.43,0.0,0.0,0.0,0.0,0.0,2.57,0.0,0.0,0.0,0.0,7.27,1.51
486385,EVE,Beto,F,3.7,0.0,0.0,1.04,0.0,0.0,0.0,0.0,0.0,1.13,0.0,0.0,0.0,0.0,1.27,0.0,0.0,0.0,0.0,0.0,1.16,0.0,0.0,0.0,0.0,1.32,0.0,0.0,0.0,0.0,1.34,0.0,0.0,0.0,0.0,7.26,1.96
504783,SOU,Kamaldeen,M,2.3,0.0,0.0,0.92,0.0,0.0,0.0,0.0,0.0,1.18,0.0,0.0,0.0,0.0,1.08,0.0,0.0,0.0,1.33,0.0,0.0,0.0,0.0,0.0,0.0,1.47,0.0,0.0,0.0,0.0,0.0,0.0,0.0,0.0,1.27,7.24,3.15
438464,CRY,C.Doucouré,M,3.0,0.0,0.0,0.0,0.0,1.1,0.0,0.0,0.0,1.3,0.0,0.0,0.0,0.0,0.0,0.0,1.11,0.0,0.0,1.23,0.0,0.0,0.0,0.0,0.0,0.0,1.24,0.0,0.0,0.0,1.14,0.0,0.0,0.0,0.0,7.12,2.37
159533,FUL,Adama,F,3.6,1.01,0.0,0.0,0.0,0.0,0.0,0.0,0.0,1.29,0.0,0.0,0.0,0.0,1.18,0.0,0.0,0.0,0.0,1.29,0.0,0.0,0.0,0.0,0.0,1.19,0.0,0.0,0.0,0.0,1.08,0.0,0.0,0.0,0.0,7.05,1.96
91651,MCI,Kovačić,M,4.0,0.0,0.0,0.0,0.0,0.0,1.07,0.0,0.0,1.31,0.0,0.0,0.0,0.0,0.0,1.23,0.0,0.0,0.0,1.22,0.0,0.0,0.0,0.0,0.0,0.0,0.0,0.0,1.01,1.17,0.0,0.0,0.0,0.0,0.0,7.0,1.75
197469,LEI,Choudhury,M,2.4,0.0,0.0,0.0,0.0,0.0,0.0,0.9,0.0,1.02,0.0,0.0,0.0,0.0,1.17,0.0,0.0,0.0,0.0,1.25,0.0,0.0,0.0,0.0,0.0,1.31,0.0,0.0,0.0,0.0,1.21,0.0,0.0,0.0,0.0,6.84,2.85
87835,WOL,Doherty,D,3.1,0.0,0.0,0.68,0.0,0.0,0.0,0.0,0.0,0.0,0.0,1.88,0.0,0.0,2.22,0.0,0.0,0.0,0.0,0.0,0.0,0.0,0.0,0.72,0.0,0.7,0.0,0.0,0.0,0.0,0.0,0.64,0.0,0.0,0.0,6.84,2.21
510362,WOL,Toti,D,2.6,0.0,0.0,0.09,0.0,0.0,0.0,0.0,0.0,0.0,0.0,1.29,0.0,0.0,1.81,0.0,0.0,0.0,0.0,0.0,0.0,0.0,0.0,1.45,0.0,1.21,0.0,0.0,0.0,0.0,0.0,0.97,0.0,0.0,0.0,6.81,2.62
149484,AVL,Mings,D,3.3,0.0,0.0,0.0,0.99,0.0,0.0,0.0,0.0,0.0,0.77,0.0,0.0,0.0,1.15,0.0,0.0,0.0,0.0,0.0,1.24,0.0,0.0,0.0,0.0,1.29,0.0,0.0,0.0,0.0,0.0,0.0,1.34,0.0,0.0,6.77,2.05
490503,SOU,Edozie,M,2.1,0.0,0.0,0.97,0.0,0.0,0.0,0.0,0.0,1.01,0.0,0.0,0.0,0.0,1.04,0.0,0.0,0.0,1.24,0.0,0.0,0.0,0.0,0.0,0.0,1.31,0.0,0.0,0.0,0.0,0.0,0.0,0.0,0.0,1.21,6.77,3.22
543158,BHA,Barco,D,2.3,0.0,0.0,1.53,0.0,0.0,0.0,0.0,1.54,0.0,0.0,0.0,0.0,0.75,0.0,0.0,0.0,0.0,0.0,1.6,0.0,0.0,0.0,0.0,0.0,0.0,0.0,0.84,0.0,0.0,0.5,0.0,0.0,0.0,0.0,6.76,2.94
466404,FOR,Omobamidele,D,2.4,0.0,0.0,1.1,0.0,0.0,0.0,0.0,0.0,1.17,0.0,0.0,0.0,0.0,1.36,0.0,0.0,0.0,0.0,0.58,0.0,0.0,0.0,0.0,0.0,0.0,0.0,1.07,0.0,0.0,1.49,0.0,0.0,0.0,0.0,6.76,2.82
206915,LIV,Jones,M,3.5,0.0,0.96,0.0,0.0,0.0,0.0,0.0,0.0,0.0,0.0,0.0,1.06,0.0,0.0,0.0,0.0,1.14,0.0,1.21,0.0,0.0,0.0,0.0,0.0,1.21,0.0,0.0,0.0,0.0,0.0,1.15,0.0,0.0,0.0,6.73,1.92
180736,CHE,Chalobah,D,3.2,0.0,0.0,0.0,0.0,0.0,0.87,0.0,0.0,0.0,0.0,1.29,0.0,0.0,0.0,0.0,1.37,0.0,0.0,0.0,0.0,1.03,0.0,0.0,1.05,0.0,0.0,0.0,0.0,0.0,1.13,0.0,0.0,0.0,0.0,6.73,2.1
60232,WOL,Dawson,D,2.7,0.0,0.0,0.43,0.0,0.0,0.0,0.0,0.0,0.0,0.0,0.98,0.0,0.0,1.52,0.0,0.0,0.0,0.0,0.0,0.0,0.0,0.0,1.34,0.0,1.28,0.0,0.0,0.0,0.0,0.0,1.11,0.0,0.0,0.0,6.67,2.47
85955,ARS,Jorginho,M,3.7,0.0,0.0,1.24,0.0,0.0,0.0,0.0,0.0,0.0,1.07,0.0,0.0,1.11,0.0,0.0,0.0,0.0,0.0,0.0,0.0,0.0,1.06,0.0,0.0,0.0,0.0,0.0,0.95,0.0,1.2,0.0,0.0,0.0,0.0,6.64,1.79
59949,EVE,Coleman,D,2.9,0.0,0.0,1.15,0.0,0.0,0.0,0.0,0.0,0.82,0.0,0.0,0.0,0.0,1.23,0.0,0.0,0.0,0.0,0.0,0.89,0.0,0.0,0.0,0.0,1.26,0.0,0.0,0.0,0.0,1.26,0.0,0.0,0.0,0.0,6.62,2.28
232653,AVL,Ramsey,M,3.4,0.0,0.0,0.0,1.05,0.0,0.0,0.0,0.0,0.0,0.9,0.0,0.0,0.0,1.2,0.0,0.0,0.0,0.0,0.0,1.15,0.0,0.0,0.0,0.0,1.17,0.0,0.0,0.0,0.0,0.0,0.0,1.06,0.0,0.0,6.53,1.92
50175,BHA,Welbeck,F,3.4,0.0,0.0,1.05,0.0,0.0,0.0,0.0,1.21,0.0,0.0,0.0,0.0,0.86,0.0,0.0,0.0,0.0,0.0,1.29,0.0,0.0,0.0,0.0,0.0,0.0,0.0,1.07,0.0,0.0,1.01,0.0,0.0,0.0,0.0,6.49,1.91
250199,FOR,Dominguez,M,3.2,0.0,0.0,0.97,0.0,0.0,0.0,0.0,0.0,1.02,0.0,0.0,0.0,0.0,1.13,0.0,0.0,0.0,0.0,0.97,0.0,0.0,0.0,0.0,0.0,0.0,0.0,1.06,0.0,0.0,1.2,0.0,0.0,0.0,0.0,6.36,1.99
167199,ARS,Thomas,M,3.4,0.0,0.0,1.24,0.0,0.0,0.0,0.0,0.0,0.0,1.06,0.0,0.0,1.04,0.0,0.0,0.0,0.0,0.0,0.0,0.0,0.0,0.99,0.0,0.0,0.0,0.0,0.0,0.92,0.0,1.07,0.0,0.0,0.0,0.0,6.32,1.86
115382,EVE,Maupay,F,4.3,0.0,0.0,0.76,0.0,0.0,0.0,0.0,0.0,0.92,0.0,0.0,0.0,0.0,1.07,0.0,0.0,0.0,0.0,0.0,1.07,0.0,0.0,0.0,0.0,1.23,0.0,0.0,0.0,0.0,1.25,0.0,0.0,0.0,0.0,6.31,1.47
109345,BHA,March,M,3.5,0.0,0.0,0.0,0.0,0.0,0.0,0.0,0.0,0.0,0.0,0.0,0.0,0.0,0.0,0.0,0.0,0.0,0.0,1.17,0.0,0.0,0.0,0.0,0.0,0.0,0.0,2.57,0.0,0.0,2.49,0.0,0.0,0.0,0.0,6.24,1.78
461587,LEI,McAteer,M,2.3,0.0,0.0,0.0,0.0,0.0,0.0,1.11,0.0,0.95,0.0,0.0,0.0,0.0,1.13,0.0,0.0,0.0,0.0,1.06,0.0,0.0,0.0,0.0,0.0,1.16,0.0,0.0,0.0,0.0,0.82,0.0,0.0,0.0,0.0,6.23,2.71
101982,CRY,Johnstone,G,2.9,0.0,0.0,0.0,0.0,0.89,0.0,0.0,0.0,1.09,0.0,0.0,0.0,0.0,0.0,0.0,0.84,0.0,0.0,1.21,0.0,0.0,0.0,0.0,0.0,0.0,1.05,0.0,0.0,0.0,1.0,0.0,0.0,0.0,0.0,6.07,2.09
220627,LEI,Justin,D,2.6,0.0,0.0,0.0,0.0,0.0,0.0,0.99,0.0,1.04,0.0,0.0,0.0,0.0,1.12,0.0,0.0,0.0,0.0,1.1,0.0,0.0,0.0,0.0,0.0,1.32,0.0,0.0,0.0,0.0,0.49,0.0,0.0,0.0,0.0,6.06,2.33
502500,BRE,Thiago,F,3.8,0.0,0.0,0.0,0.0,0.93,0.0,0.0,0.0,0.0,0.0,0.0,0.84,0.0,1.23,0.0,0.0,0.0,0.0,0.75,0.0,0.0,0.0,0.0,0.0,1.03,0.0,0.0,0.0,0.0,1.27,0.0,0.0,0.0,0.0,6.05,1.59
210494,WHU,N.Aguerd,D,2.8,0.0,0.0,0.0,1.0,0.0,0.0,0.0,0.0,1.0,0.0,0.0,0.0,0.0,0.0,0.74,0.0,0.0,0.0,1.21,0.0,0.0,0.0,0.0,0.99,0.0,0.0,0.0,0.0,0.0,1.09,0.0,0.0,0.0,0.0,6.03,2.16
88248,MCI,Ortega Moreno,G,3.8,0.0,0.0,0.0,0.0,0.0,0.31,0.0,0.0,0.99,0.0,0.0,0.0,0.0,0.0,1.1,0.0,0.0,0.0,1.28,0.0,0.0,0.0,0.0,0.0,0.0,0.0,0.0,1.14,1.19,0.0,0.0,0.0,0.0,0.0,6.02,1.58
460028,CHE,Colwill,D,3.1,0.0,0.0,0.0,0.0,0.0,0.73,0.0,0.0,0.0,0.0,1.05,0.0,0.0,0.0,0.0,1.17,0.0,0.0,0.0,0.0,0.89,0.0,0.0,1.01,0.0,0.0,0.0,0.0,0.0,1.06,0.0,0.0,0.0,0.0,5.92,1.91
441428,LIV,Quansah,D,3.1,0.0,0.78,0.0,0.0,0.0,0.0,0.0,0.0,0.0,0.0,0.0,0.87,0.0,0.0,0.0,0.0,0.86,0.0,1.1,0.0,0.0,0.0,0.0,0.0,1.1,0.0,0.0,0.0,0.0,0.0,1.11,0.0,0.0,0.0,5.84,1.88
214590,MUN,Wan-Bissaka,D,3.9,1.12,0.0,0.0,0.0,0.0,0.0,0.0,0.89,0.0,0.0,0.0,0.0,0.0,0.0,0.0,0.0,0.68,1.1,0.0,0.0,0.0,0.0,0.0,0.0,0.0,1.07,0.0,0.0,0.0,0.0,0.0,0.0,0.96,0.0,5.83,1.49
535301,BHA,Baleba,M,2.5,0.0,0.0,0.89,0.0,0.0,0.0,0.0,0.99,0.0,0.0,0.0,0.0,0.88,0.0,0.0,0.0,0.0,0.0,1.09,0.0,0.0,0.0,0.0,0.0,0.0,0.0,0.95,0.0,0.0,1.01,0.0,0.0,0.0,0.0,5.82,2.33
476344,AVL,Duran,F,3.0,0.0,0.0,0.0,0.92,0.0,0.0,0.0,0.0,0.0,0.68,0.0,0.0,0.0,1.02,0.0,0.0,0.0,0.0,0.0,1.01,0.0,0.0,0.0,0.0,1.12,0.0,0.0,0.0,0.0,0.0,0.0,1.05,0.0,0.0,5.8,1.93
490094,EVE,Iroegbunam,M,2.5,0.0,0.0,0.76,0.0,0.0,0.0,0.0,0.0,0.83,0.0,0.0,0.0,0.0,1.02,0.0,0.0,0.0,0.0,0.0,0.98,0.0,0.0,0.0,0.0,1.05,0.0,0.0,0.0,0.0,1.1,0.0,0.0,0.0,0.0,5.75,2.3
172850,CHE,Chilwell,D,4.6,0.0,0.0,0.0,0.0,0.0,0.73,0.0,0.0,0.0,0.0,1.03,0.0,0.0,0.0,0.0,1.09,0.0,0.0,0.0,0.0,0.87,0.0,0.0,0.98,0.0,0.0,0.0,0.0,0.0,1.0,0.0,0.0,0.0,0.0,5.71,1.24
204214,BHA,Estupiñan,D,3.4,0.0,0.0,0.0,0.0,0.0,0.0,0.0,0.0,0.0,0.0,0.0,0.0,0.0,0.0,0.0,0.0,0.0,0.0,1.24,0.0,0.0,0.0,0.0,0.0,0.0,0.0,2.83,0.0,0.0,1.61,0.0,0.0,0.0,0.0,5.68,1.67
168991,BOU,Philip,M,3.2,0.0,0.0,0.72,0.0,0.0,0.0,0.0,0.0,0.0,0.0,0.92,0.0,0.0,0.98,0.0,0.0,0.0,0.0,0.0,0.0,1.07,0.0,0.0,0.0,0.88,0.0,0.0,0.0,0.0,0.0,0.0,0.0,0.0,1.08,5.65,1.76
195851,MUN,McTominay,M,3.4,0.74,0.0,0.0,0.0,0.0,0.0,0.0,0.76,0.0,0.0,0.0,0.0,0.0,0.0,0.0,0.0,0.89,1.14,0.0,0.0,0.0,0.0,0.0,0.0,0.0,0.9,0.0,0.0,0.0,0.0,0.0,0.0,1.17,0.0,5.61,1.65
493250,MUN,Amad,F,3.0,0.87,0.0,0.0,0.0,0.0,0.0,0.0,0.79,0.0,0.0,0.0,0.0,0.0,0.0,0.0,0.0,0.86,1.05,0.0,0.0,0.0,0.0,0.0,0.0,0.0,0.87,0.0,0.0,0.0,0.0,0.0,0.0,1.08,0.0,5.51,1.84
247632,WOL,Neto,F,3.5,0.0,0.0,0.67,0.0,0.0,0.0,0.0,0.0,0.0,0.0,1.05,0.0,0.0,0.9,0.0,0.0,0.0,0.0,0.0,0.0,0.0,0.0,0.96,0.0,0.98,0.0,0.0,0.0,0.0,0.0,0.93,0.0,0.0,0.0,5.5,1.57
210156,FOR,Awoniyi,F,2.7,0.0,0.0,0.86,0.0,0.0,0.0,0.0,0.0,0.97,0.0,0.0,0.0,0.0,0.95,0.0,0.0,0.0,0.0,0.78,0.0,0.0,0.0,0.0,0.0,0.0,0.0,0.81,0.0,0.0,1.12,0.0,0.0,0.0,0.0,5.49,2.03
481510,LEI,Kristiansen,D,2.4,0.0,0.0,0.0,0.0,0.0,0.0,0.86,0.0,1.0,0.0,0.0,0.0,0.0,1.02,0.0,0.0,0.0,0.0,0.93,0.0,0.0,0.0,0.0,0.0,1.2,0.0,0.0,0.0,0.0,0.45,0.0,0.0,0.0,0.0,5.45,2.27
474120,BHA,Enciso,F,2.8,0.0,0.0,0.86,0.0,0.0,0.0,0.0,1.19,0.0,0.0,0.0,0.0,0.77,0.0,0.0,0.0,0.0,0.0,1.13,0.0,0.0,0.0,0.0,0.0,0.0,0.0,0.81,0.0,0.0,0.69,0.0,0.0,0.0,0.0,5.45,1.95
179018,NEW,Almirón,M,3.8,0.0,0.0,0.89,0.0,0.0,0.0,0.0,0.0,0.0,0.0,0.82,0.0,0.0,0.0,0.0,0.86,0.0,0.0,0.0,0.0,0.0,0.0,0.96,0.0,0.92,0.0,0.0,0.0,0.87,0.0,0.0,0.0,0.0,0.0,5.32,1.4
232980,BOU,Aarons,D,2.6,0.0,0.0,0.79,0.0,0.0,0.0,0.0,0.0,0.0,0.0,0.86,0.0,0.0,0.94,0.0,0.0,0.0,0.0,0.0,0.0,0.9,0.0,0.0,0.0,0.54,0.0,0.0,0.0,0.0,0.0,0.0,0.0,0.0,1.27,5.29,2.03
88894,AVL,Barkley,M,3.2,0.0,0.0,0.0,0.96,0.0,0.0,0.0,0.0,0.0,0.8,0.0,0.0,0.0,1.05,0.0,0.0,0.0,0.0,0.0,0.94,0.0,0.0,0.0,0.0,0.78,0.0,0.0,0.0,0.0,0.0,0.0,0.72,0.0,0.0,5.25,1.64
441266,LIV,Gravenberch,M,3.4,0.0,0.7,0.0,0.0,0.0,0.0,0.0,0.0,0.0,0.0,0.0,0.92,0.0,0.0,0.0,0.0,0.72,0.0,0.91,0.0,0.0,0.0,0.0,0.0,0.99,0.0,0.0,0.0,0.0,0.0,0.98,0.0,0.0,0.0,5.22,1.53
249231,BRE,Lewis-Potter,F,2.6,0.0,0.0,0.0,0.0,0.69,0.0,0.0,0.0,0.0,0.0,0.0,0.72,0.0,1.0,0.0,0.0,0.0,0.0,0.74,0.0,0.0,0.0,0.0,0.0,0.9,0.0,0.0,0.0,0.0,1.07,0.0,0.0,0.0,0.0,5.12,1.97
226944,AVL,Kamara,M,3.0,0.0,0.0,0.0,0.0,0.0,0.0,0.0,0.0,0.0,0.0,0.0,0.0,0.0,0.0,0.0,0.0,0.0,0.0,0.0,0.85,0.0,0.0,0.0,0.0,2.02,0.0,0.0,0.0,0.0,0.0,0.0,2.25,0.0,0.0,5.12,1.71
184667,MUN,Lindelof,D,3.6,0.83,0.0,0.0,0.0,0.0,0.0,0.0,0.72,0.0,0.0,0.0,0.0,0.0,0.0,0.0,0.0,0.64,1.01,0.0,0.0,0.0,0.0,0.0,0.0,0.0,0.91,0.0,0.0,0.0,0.0,0.0,0.0,0.9,0.0,5.01,1.39
206325,ARS,Zinchenko,D,3.9,0.0,0.0,1.15,0.0,0.0,0.0,0.0,0.0,0.0,0.8,0.0,0.0,0.8,0.0,0.0,0.0,0.0,0.0,0.0,0.0,0.0,0.69,0.0,0.0,0.0,0.0,0.0,0.52,0.0,0.94,0.0,0.0,0.0,0.0,4.9,1.26
536694,CRY,M.França,M,2.6,0.0,0.0,0.0,0.0,0.75,0.0,0.0,0.0,0.87,0.0,0.0,0.0,0.0,0.0,0.0,0.69,0.0,0.0,0.86,0.0,0.0,0.0,0.0,0.0,0.0,0.88,0.0,0.0,0.0,0.81,0.0,0.0,0.0,0.0,4.85,1.86
114241,FOR,Toffolo,D,2.5,0.0,0.0,0.65,0.0,0.0,0.0,0.0,0.0,0.76,0.0,0.0,0.0,0.0,1.01,0.0,0.0,0.0,0.0,0.54,0.0,0.0,0.0,0.0,0.0,0.0,0.0,0.81,0.0,0.0,1.06,0.0,0.0,0.0,0.0,4.82,1.93
438098,ARS,Fábio Vieira,M,3.3,0.0,0.0,0.86,0.0,0.0,0.0,0.0,0.0,0.0,0.68,0.0,0.0,0.88,0.0,0.0,0.0,0.0,0.0,0.0,0.0,0.0,0.9,0.0,0.0,0.0,0.0,0.0,0.55,0.0,0.93,0.0,0.0,0.0,0.0,4.8,1.46
492777,LIV,Bradley,D,3.3,0.0,0.48,0.0,0.0,0.0,0.0,0.0,0.0,0.0,0.0,0.0,0.72,0.0,0.0,0.0,0.0,0.78,0.0,0.93,0.0,0.0,0.0,0.0,0.0,0.94,0.0,0.0,0.0,0.0,0.0,0.94,0.0,0.0,0.0,4.79,1.45
210462,FOR,Sangaré,M,3.0,0.0,0.0,0.7,0.0,0.0,0.0,0.0,0.0,0.75,0.0,0.0,0.0,0.0,0.9,0.0,0.0,0.0,0.0,0.76,0.0,0.0,0.0,0.0,0.0,0.0,0.0,0.8,0.0,0.0,0.88,0.0,0.0,0.0,0.0,4.78,1.59
184341,MUN,Mount,M,4.7,0.62,0.0,0.0,0.0,0.0,0.0,0.0,0.7,0.0,0.0,0.0,0.0,0.0,0.0,0.0,0.0,0.74,0.9,0.0,0.0,0.0,0.0,0.0,0.0,0.0,0.87,0.0,0.0,0.0,0.0,0.0,0.0,0.9,0.0,4.72,1.0
231899,IPS,Taylor,M,2.3,0.0,0.62,0.0,0.0,0.0,0.0,0.0,0.0,0.63,0.0,0.0,0.0,0.0,0.84,0.0,0.0,0.0,0.0,0.77,0.0,0.0,0.0,0.0,0.0,0.89,0.0,0.0,0.0,0.0,0.0,0.0,0.9,0.0,0.0,4.65,2.02
231057,WOL,Bellegarde,M,2.6,0.0,0.0,0.61,0.0,0.0,0.0,0.0,0.0,0.0,0.0,0.68,0.0,0.0,0.81,0.0,0.0,0.0,0.0,0.0,0.0,0.0,0.0,0.81,0.0,0.89,0.0,0.0,0.0,0.0,0.0,0.85,0.0,0.0,0.0,4.65,1.79
428580,BRE,Onyeka,M,3.1,0.0,0.0,0.0,0.0,0.61,0.0,0.0,0.0,0.0,0.0,0.0,0.64,0.0,0.88,0.0,0.0,0.0,0.0,0.72,0.0,0.0,0.0,0.0,0.0,0.8,0.0,0.0,0.0,0.0,0.94,0.0,0.0,0.0,0.0,4.59,1.48
232792,BHA,Lamptey,D,3.0,0.0,0.0,0.78,0.0,0.0,0.0,0.0,0.85,0.0,0.0,0.0,0.0,0.48,0.0,0.0,0.0,0.0,0.0,1.02,0.0,0.0,0.0,0.0,0.0,0.0,0.0,0.74,0.0,0.0,0.56,0.0,0.0,0.0,0.0,4.42,1.47
191866,BRE,Ajer,D,2.4,0.0,0.0,0.0,0.0,0.68,0.0,0.0,0.0,0.0,0.0,0.0,0.45,0.0,1.04,0.0,0.0,0.0,0.0,0.44,0.0,0.0,0.0,0.0,0.0,0.65,0.0,0.0,0.0,0.0,1.11,0.0,0.0,0.0,0.0,4.38,1.82
592031,BHA,Minteh,F,2.9,0.0,0.0,0.84,0.0,0.0,0.0,0.0,0.98,0.0,0.0,0.0,0.0,0.74,0.0,0.0,0.0,0.0,0.0,0.84,0.0,0.0,0.0,0.0,0.0,0.0,0.0,0.51,0.0,0.0,0.47,0.0,0.0,0.0,0.0,4.37,1.51
223723,ARS,Tomiyasu,D,3.5,0.0,0.0,0.3,0.0,0.0,0.0,0.0,0.0,0.0,0.54,0.0,0.0,0.76,0.0,0.0,0.0,0.0,0.0,0.0,0.0,0.0,0.69,0.0,0.0,0.0,0.0,0.0,0.69,0.0,1.35,0.0,0.0,0.0,0.0,4.32,1.23
487838,NEW,Hall,D,2.7,0.0,0.0,0.69,0.0,0.0,0.0,0.0,0.0,0.0,0.0,0.72,0.0,0.0,0.0,0.0,0.64,0.0,0.0,0.0,0.0,0.0,0.0,0.81,0.0,0.81,0.0,0.0,0.0,0.6,0.0,0.0,0.0,0.0,0.0,4.28,1.59
441191,NEW,Livramento,D,2.9,0.0,0.0,0.73,0.0,0.0,0.0,0.0,0.0,0.0,0.0,0.61,0.0,0.0,0.0,0.0,0.66,0.0,0.0,0.0,0.0,0.0,0.0,0.78,0.0,0.83,0.0,0.0,0.0,0.62,0.0,0.0,0.0,0.0,0.0,4.24,1.46
84939,WHU,Ings,F,4.6,0.0,0.0,0.0,0.57,0.0,0.0,0.0,0.0,0.63,0.0,0.0,0.0,0.0,0.0,0.63,0.0,0.0,0.0,0.72,0.0,0.0,0.0,0.0,0.84,0.0,0.0,0.0,0.0,0.0,0.79,0.0,0.0,0.0,0.0,4.18,0.91
120721,FUL,Mbabu,D,2.3,0.38,0.0,0.0,0.0,0.0,0.0,0.0,0.0,0.61,0.0,0.0,0.0,0.0,0.72,0.0,0.0,0.0,0.0,0.81,0.0,0.0,0.0,0.0,0.0,0.76,0.0,0.0,0.0,0.0,0.82,0.0,0.0,0.0,0.0,4.09,1.78
465351,MCI,Matheus N.,M,3.5,0.0,0.0,0.0,0.0,0.0,0.54,0.0,0.0,0.79,0.0,0.0,0.0,0.0,0.0,0.61,0.0,0.0,0.0,0.77,0.0,0.0,0.0,0.0,0.0,0.0,0.0,0.0,0.68,0.7,0.0,0.0,0.0,0.0,0.0,4.08,1.17
513418,BRE,Schade,M,2.7,0.0,0.0,0.0,0.0,0.55,0.0,0.0,0.0,0.0,0.0,0.0,0.54,0.0,0.78,0.0,0.0,0.0,0.0,0.59,0.0,0.0,0.0,0.0,0.0,0.74,0.0,0.0,0.0,0.0,0.81,0.0,0.0,0.0,0.0,4.02,1.49
180804,IPS,Tuanzebe,D,2.4,0.0,0.5,0.0,0.0,0.0,0.0,0.0,0.0,0.3,0.0,0.0,0.0,0.0,0.89,0.0,0.0,0.0,0.0,0.65,0.0,0.0,0.0,0.0,0.0,0.87,0.0,0.0,0.0,0.0,0.0,0.0,0.8,0.0,0.0,4.0,1.66
167074,FUL,Tete,D,2.6,0.41,0.0,0.0,0.0,0.0,0.0,0.0,0.0,0.65,0.0,0.0,0.0,0.0,0.78,0.0,0.0,0.0,0.0,0.75,0.0,0.0,0.0,0.0,0.0,0.63,0.0,0.0,0.0,0.0,0.74,0.0,0.0,0.0,0.0,3.96,1.52
204863,SOU,Manning,D,2.3,0.0,0.0,0.44,0.0,0.0,0.0,0.0,0.0,0.68,0.0,0.0,0.0,0.0,0.57,0.0,0.0,0.0,0.7,0.0,0.0,0.0,0.0,0.0,0.0,0.99,0.0,0.0,0.0,0.0,0.0,0.0,0.0,0.0,0.58,3.96,1.72
106468,AVL,Alex Moreno,D,2.9,0.0,0.0,0.0,0.53,0.0,0.0,0.0,0.0,0.0,0.5,0.0,0.0,0.0,0.63,0.0,0.0,0.0,0.0,0.0,0.71,0.0,0.0,0.0,0.0,0.75,0.0,0.0,0.0,0.0,0.0,0.0,0.73,0.0,0.0,3.84,1.33
536916,BHA,Buonanotte,M,3.1,0.0,0.0,0.61,0.0,0.0,0.0,0.0,0.69,0.0,0.0,0.0,0.0,0.59,0.0,0.0,0.0,0.0,0.0,0.78,0.0,0.0,0.0,0.0,0.0,0.0,0.0,0.61,0.0,0.0,0.52,0.0,0.0,0.0,0.0,3.8,1.23
233963,WHU,Mavropanos,D,2.8,0.0,0.0,0.0,0.51,0.0,0.0,0.0,0.0,0.62,0.0,0.0,0.0,0.0,0.0,0.49,0.0,0.0,0.0,0.77,0.0,0.0,0.0,0.0,0.64,0.0,0.0,0.0,0.0,0.0,0.77,0.0,0.0,0.0,0.0,3.8,1.36
532529,BHA,Hinshelwood,M,2.1,0.0,0.0,0.58,0.0,0.0,0.0,0.0,0.74,0.0,0.0,0.0,0.0,0.58,0.0,0.0,0.0,0.0,0.0,0.7,0.0,0.0,0.0,0.0,0.0,0.0,0.0,0.61,0.0,0.0,0.58,0.0,0.0,0.0,0.0,3.79,1.8
168636,BOU,Enes Ünal,F,3.4,0.0,0.0,0.0,0.0,0.0,0.0,0.0,0.0,0.0,0.0,0.0,0.0,0.0,0.0,0.0,0.0,0.0,0.0,0.0,0.0,0.71,0.0,0.0,0.0,1.16,0.0,0.0,0.0,0.0,0.0,0.0,0.0,0.0,1.85,3.72,1.09
109646,CHE,Tosin,D,3.2,0.0,0.0,0.0,0.0,0.0,0.48,0.0,0.0,0.0,0.0,0.71,0.0,0.0,0.0,0.0,0.75,0.0,0.0,0.0,0.0,0.58,0.0,0.0,0.58,0.0,0.0,0.0,0.0,0.0,0.62,0.0,0.0,0.0,0.0,3.71,1.16
467169,MUN,Antony,F,4.3,0.48,0.0,0.0,0.0,0.0,0.0,0.0,0.53,0.0,0.0,0.0,0.0,0.0,0.0,0.0,0.0,0.56,0.7,0.0,0.0,0.0,0.0,0.0,0.0,0.0,0.67,0.0,0.0,0.0,0.0,0.0,0.0,0.7,0.0,3.65,0.85
215413,CHE,Dewsbury-Hall,M,3.7,0.0,0.0,0.0,0.0,0.0,0.32,0.0,0.0,0.0,0.0,0.49,0.0,0.0,0.0,0.0,0.73,0.0,0.0,0.0,0.0,0.71,0.0,0.0,0.68,0.0,0.0,0.0,0.0,0.0,0.68,0.0,0.0,0.0,0.0,3.6,0.97
55459,WHU,Cresswell,D,3.3,0.0,0.0,0.0,0.52,0.0,0.0,0.0,0.0,0.56,0.0,0.0,0.0,0.0,0.0,0.49,0.0,0.0,0.0,0.64,0.0,0.0,0.0,0.0,0.64,0.0,0.0,0.0,0.0,0.0,0.73,0.0,0.0,0.0,0.0,3.59,1.09
57328,CRY,Clyne,D,2.6,0.0,0.0,0.0,0.0,0.44,0.0,0.0,0.0,0.56,0.0,0.0,0.0,0.0,0.0,0.0,0.42,0.0,0.0,0.77,0.0,0.0,0.0,0.0,0.0,0.0,0.69,0.0,0.0,0.0,0.68,0.0,0.0,0.0,0.0,3.56,1.37
200402,WOL,N.Semedo,D,3.2,0.0,0.0,0.0,0.0,0.0,0.0,0.0,0.0,0.0,0.0,0.0,0.0,0.0,0.0,0.0,0.0,0.0,0.0,0.0,0.0,0.0,0.0,1.38,0.0,1.16,0.0,0.0,0.0,0.0,0.0,0.94,0.0,0.0,0.0,3.48,1.09
82514,FUL,Ream,D,2.6,0.26,0.0,0.0,0.0,0.0,0.0,0.0,0.0,0.56,0.0,0.0,0.0,0.0,0.59,0.0,0.0,0.0,0.0,0.69,0.0,0.0,0.0,0.0,0.0,0.61,0.0,0.0,0.0,0.0,0.72,0.0,0.0,0.0,0.0,3.44,1.32
440323,CHE,Broja,F,3.7,0.0,0.0,0.0,0.0,0.0,0.37,0.0,0.0,0.0,0.0,0.51,0.0,0.0,0.0,0.0,0.58,0.0,0.0,0.0,0.0,0.56,0.0,0.0,0.61,0.0,0.0,0.0,0.0,0.0,0.73,0.0,0.0,0.0,0.0,3.36,0.91
476502,WOL,B.Traore,M,2.4,0.0,0.0,0.37,0.0,0.0,0.0,0.0,0.0,0.0,0.0,0.51,0.0,0.0,0.54,0.0,0.0,0.0,0.0,0.0,0.0,0.0,0.0,0.67,0.0,0.67,0.0,0.0,0.0,0.0,0.0,0.59,0.0,0.0,0.0,3.35,1.4
222690,MUN,Malacia,D,2.5,0.48,0.0,0.0,0.0,0.0,0.0,0.0,0.46,0.0,0.0,0.0,0.0,0.0,0.0,0.0,0.0,0.43,0.66,0.0,0.0,0.0,0.0,0.0,0.0,0.0,0.64,0.0,0.0,0.0,0.0,0.0,0.0,0.61,0.0,3.27,1.31
243571,EVE,Patterson,D,2.7,0.0,0.0,0.45,0.0,0.0,0.0,0.0,0.0,0.39,0.0,0.0,0.0,0.0,0.68,0.0,0.0,0.0,0.0,0.0,0.49,0.0,0.0,0.0,0.0,0.62,0.0,0.0,0.0,0.0,0.64,0.0,0.0,0.0,0.0,3.27,1.21
244619,LEI,Thomas,D,2.4,0.0,0.0,0.0,0.0,0.0,0.0,0.43,0.0,0.53,0.0,0.0,0.0,0.0,0.56,0.0,0.0,0.0,0.0,0.56,0.0,0.0,0.0,0.0,0.0,0.7,0.0,0.0,0.0,0.0,0.34,0.0,0.0,0.0,0.0,3.13,1.3
149519,WHU,Cornet,M,3.5,0.0,0.0,0.0,0.37,0.0,0.0,0.0,0.0,0.37,0.0,0.0,0.0,0.0,0.0,0.47,0.0,0.0,0.0,0.59,0.0,0.0,0.0,0.0,0.65,0.0,0.0,0.0,0.0,0.0,0.65,0.0,0.0,0.0,0.0,3.1,0.89
230251,FOR,Dennis,F,3.8,0.0,0.0,0.33,0.0,0.0,0.0,0.0,0.0,0.48,0.0,0.0,0.0,0.0,0.57,0.0,0.0,0.0,0.0,0.5,0.0,0.0,0.0,0.0,0.0,0.0,0.0,0.51,0.0,0.0,0.7,0.0,0.0,0.0,0.0,3.09,0.81
88900,SOU,Stephens,D,2.4,0.0,0.0,0.25,0.0,0.0,0.0,0.0,0.0,0.46,0.0,0.0,0.0,0.0,0.43,0.0,0.0,0.0,0.58,0.0,0.0,0.0,0.0,0.0,0.0,0.8,0.0,0.0,0.0,0.0,0.0,0.0,0.0,0.0,0.5,3.02,1.26
577114,WHU,L.Guilherme,M,2.9,0.0,0.0,0.0,0.43,0.0,0.0,0.0,0.0,0.4,0.0,0.0,0.0,0.0,0.0,0.39,0.0,0.0,0.0,0.55,0.0,0.0,0.0,0.0,0.56,0.0,0.0,0.0,0.0,0.0,0.6,0.0,0.0,0.0,0.0,2.94,1.01
106611,EVE,Keane,D,2.8,0.0,0.0,0.27,0.0,0.0,0.0,0.0,0.0,0.34,0.0,0.0,0.0,0.0,0.58,0.0,0.0,0.0,0.0,0.0,0.47,0.0,0.0,0.0,0.0,0.65,0.0,0.0,0.0,0.0,0.63,0.0,0.0,0.0,0.0,2.93,1.05
209289,ARS,Smith Rowe,M,3.0,0.0,0.0,0.3,0.0,0.0,0.0,0.0,0.0,0.0,0.29,0.0,0.0,0.4,0.0,0.0,0.0,0.0,0.0,0.0,0.0,0.0,0.46,0.0,0.0,0.0,0.0,0.0,0.6,0.0,0.87,0.0,0.0,0.0,0.0,2.92,0.97
493125,TOT,Dragusin,D,3.5,0.0,0.0,0.0,0.0,0.0,0.0,0.33,0.0,0.51,0.0,0.0,0.0,0.0,0.0,0.0,0.37,0.0,0.0,0.0,0.0,0.0,0.46,0.0,0.0,0.65,0.0,0.0,0.0,0.0,0.0,0.0,0.0,0.57,0.0,2.91,0.83
490721,WOL,H.Bueno,D,2.5,0.0,0.0,0.36,0.0,0.0,0.0,0.0,0.0,0.0,0.0,0.56,0.0,0.0,0.64,0.0,0.0,0.0,0.0,0.0,0.0,0.0,0.0,0.46,0.0,0.4,0.0,0.0,0.0,0.0,0.0,0.4,0.0,0.0,0.0,2.82,1.13
220394,WOL,Doyle,M,2.5,0.0,0.0,0.39,0.0,0.0,0.0,0.0,0.0,0.0,0.0,0.42,0.0,0.0,0.46,0.0,0.0,0.0,0.0,0.0,0.0,0.0,0.0,0.52,0.0,0.5,0.0,0.0,0.0,0.0,0.0,0.49,0.0,0.0,0.0,2.78,1.11
536908,TOT,Veliz,F,2.8,0.0,0.0,0.0,0.0,0.0,0.0,0.36,0.0,0.47,0.0,0.0,0.0,0.0,0.0,0.0,0.38,0.0,0.0,0.0,0.0,0.0,0.42,0.0,0.0,0.54,0.0,0.0,0.0,0.0,0.0,0.0,0.0,0.6,0.0,2.77,0.99
243568,BHA,Gilmour,M,2.6,0.0,0.0,0.38,0.0,0.0,0.0,0.0,0.41,0.0,0.0,0.0,0.0,0.42,0.0,0.0,0.0,0.0,0.0,0.54,0.0,0.0,0.0,0.0,0.0,0.0,0.0,0.49,0.0,0.0,0.46,0.0,0.0,0.0,0.0,2.71,1.04
491012,EVE,Y. Chermiti,F,2.9,0.0,0.0,0.31,0.0,0.0,0.0,0.0,0.0,0.29,0.0,0.0,0.0,0.0,0.42,0.0,0.0,0.0,0.0,0.0,0.48,0.0,0.0,0.0,0.0,0.56,0.0,0.0,0.0,0.0,0.57,0.0,0.0,0.0,0.0,2.62,0.9
15157,BHA,Milner,M,3.0,0.0,0.0,0.34,0.0,0.0,0.0,0.0,0.47,0.0,0.0,0.0,0.0,0.46,0.0,0.0,0.0,0.0,0.0,0.53,0.0,0.0,0.0,0.0,0.0,0.0,0.0,0.42,0.0,0.0,0.39,0.0,0.0,0.0,0.0,2.61,0.87
86417,CRY,Schlupp,M,3.1,0.0,0.0,0.0,0.0,0.3,0.0,0.0,0.0,0.38,0.0,0.0,0.0,0.0,0.0,0.0,0.39,0.0,0.0,0.49,0.0,0.0,0.0,0.0,0.0,0.0,0.48,0.0,0.0,0.0,0.5,0.0,0.0,0.0,0.0,2.53,0.82
461416,LEI,Cannon,F,2.5,0.0,0.0,0.0,0.0,0.0,0.0,0.3,0.0,0.35,0.0,0.0,0.0,0.0,0.5,0.0,0.0,0.0,0.0,0.42,0.0,0.0,0.0,0.0,0.0,0.53,0.0,0.0,0.0,0.0,0.43,0.0,0.0,0.0,0.0,2.53,1.01
223911,BOU,Mepham,D,2.5,0.0,0.0,0.28,0.0,0.0,0.0,0.0,0.0,0.0,0.0,0.33,0.0,0.0,0.48,0.0,0.0,0.0,0.0,0.0,0.0,0.44,0.0,0.0,0.0,0.33,0.0,0.0,0.0,0.0,0.0,0.0,0.0,0.0,0.66,2.53,1.01
461584,LEI,Marcal,M,2.6,0.0,0.0,0.0,0.0,0.0,0.0,0.36,0.0,0.32,0.0,0.0,0.0,0.0,0.45,0.0,0.0,0.0,0.0,0.42,0.0,0.0,0.0,0.0,0.0,0.48,0.0,0.0,0.0,0.0,0.4,0.0,0.0,0.0,0.0,2.44,0.94
481624,AVL,Jaden,M,3.4,0.0,0.0,0.0,0.35,0.0,0.0,0.0,0.0,0.0,0.28,0.0,0.0,0.0,0.43,0.0,0.0,0.0,0.0,0.0,0.45,0.0,0.0,0.0,0.0,0.43,0.0,0.0,0.0,0.0,0.0,0.0,0.46,0.0,0.0,2.41,0.71
108413,CRY,Hughes,M,2.9,0.0,0.0,0.0,0.0,0.31,0.0,0.0,0.0,0.41,0.0,0.0,0.0,0.0,0.0,0.0,0.37,0.0,0.0,0.43,0.0,0.0,0.0,0.0,0.0,0.0,0.46,0.0,0.0,0.0,0.41,0.0,0.0,0.0,0.0,2.39,0.82
167191,IPS,Harness,M,2.2,0.0,0.28,0.0,0.0,0.0,0.0,0.0,0.0,0.3,0.0,0.0,0.0,0.0,0.44,0.0,0.0,0.0,0.0,0.35,0.0,0.0,0.0,0.0,0.0,0.49,0.0,0.0,0.0,0.0,0.0,0.0,0.51,0.0,0.0,2.38,1.08
441271,WOL,Hoever,D,2.3,0.0,0.0,0.27,0.0,0.0,0.0,0.0,0.0,0.0,0.0,0.52,0.0,0.0,0.63,0.0,0.0,0.0,0.0,0.0,0.0,0.0,0.0,0.32,0.0,0.28,0.0,0.0,0.0,0.0,0.0,0.33,0.0,0.0,0.0,2.36,1.02
208912,FOR,Worrall,D,2.3,0.0,0.0,0.24,0.0,0.0,0.0,0.0,0.0,0.35,0.0,0.0,0.0,0.0,0.44,0.0,0.0,0.0,0.0,0.3,0.0,0.0,0.0,0.0,0.0,0.0,0.0,0.43,0.0,0.0,0.6,0.0,0.0,0.0,0.0,2.36,1.02
110735,BHA,Webster,D,3.1,0.0,0.0,0.29,0.0,0.0,0.0,0.0,0.4,0.0,0.0,0.0,0.0,0.27,0.0,0.0,0.0,0.0,0.0,0.57,0.0,0.0,0.0,0.0,0.0,0.0,0.0,0.46,0.0,0.0,0.32,0.0,0.0,0.0,0.0,2.31,0.75
111773,NEW,Krafth,D,2.6,0.0,0.0,0.36,0.0,0.0,0.0,0.0,0.0,0.0,0.0,0.33,0.0,0.0,0.0,0.0,0.39,0.0,0.0,0.0,0.0,0.0,0.0,0.4,0.0,0.45,0.0,0.0,0.0,0.38,0.0,0.0,0.0,0.0,0.0,2.31,0.89
195546,AVL,Buendia,M,3.5,0.0,0.0,0.0,0.32,0.0,0.0,0.0,0.0,0.0,0.28,0.0,0.0,0.0,0.46,0.0,0.0,0.0,0.0,0.0,0.43,0.0,0.0,0.0,0.0,0.42,0.0,0.0,0.0,0.0,0.0,0.0,0.34,0.0,0.0,2.25,0.64
436234,TOT,Bryan,F,3.0,0.0,0.0,0.0,0.0,0.0,0.0,0.29,0.0,0.34,0.0,0.0,0.0,0.0,0.0,0.0,0.39,0.0,0.0,0.0,0.0,0.0,0.33,0.0,0.0,0.44,0.0,0.0,0.0,0.0,0.0,0.0,0.0,0.45,0.0,2.24,0.75
115556,TOT,Davies,D,3.0,0.0,0.0,0.0,0.0,0.0,0.0,0.22,0.0,0.38,0.0,0.0,0.0,0.0,0.0,0.0,0.3,0.0,0.0,0.0,0.0,0.0,0.33,0.0,0.0,0.51,0.0,0.0,0.0,0.0,0.0,0.0,0.0,0.46,0.0,2.2,0.73
245824,FUL,Vinicius,F,3.3,0.21,0.0,0.0,0.0,0.0,0.0,0.0,0.0,0.31,0.0,0.0,0.0,0.0,0.34,0.0,0.0,0.0,0.0,0.43,0.0,0.0,0.0,0.0,0.0,0.45,0.0,0.0,0.0,0.0,0.45,0.0,0.0,0.0,0.0,2.19,0.66
433979,AVL,Archer,F,2.9,0.0,0.0,0.0,0.31,0.0,0.0,0.0,0.0,0.0,0.23,0.0,0.0,0.0,0.36,0.0,0.0,0.0,0.0,0.0,0.42,0.0,0.0,0.0,0.0,0.47,0.0,0.0,0.0,0.0,0.0,0.0,0.39,0.0,0.0,2.19,0.75
444463,CHE,W.Fofana,D,3.5,0.0,0.0,0.0,0.0,0.0,0.09,0.0,0.0,0.0,0.0,0.17,0.0,0.0,0.0,0.0,0.29,0.0,0.0,0.0,0.0,0.41,0.0,0.0,0.58,0.0,0.0,0.0,0.0,0.0,0.58,0.0,0.0,0.0,0.0,2.12,0.61
94147,LEI,Coady,D,2.6,0.0,0.0,0.0,0.0,0.0,0.0,0.2,0.0,0.3,0.0,0.0,0.0,0.0,0.36,0.0,0.0,0.0,0.0,0.37,0.0,0.0,0.0,0.0,0.0,0.55,0.0,0.0,0.0,0.0,0.31,0.0,0.0,0.0,0.0,2.09,0.8
183656,BRE,Dasilva,M,3.0,0.0,0.0,0.0,0.0,0.26,0.0,0.0,0.0,0.0,0.0,0.0,0.23,0.0,0.39,0.0,0.0,0.0,0.0,0.33,0.0,0.0,0.0,0.0,0.0,0.41,0.0,0.0,0.0,0.0,0.46,0.0,0.0,0.0,0.0,2.09,0.7
462387,IPS,Al-Hamadi,F,2.2,0.0,0.26,0.0,0.0,0.0,0.0,0.0,0.0,0.24,0.0,0.0,0.0,0.0,0.36,0.0,0.0,0.0,0.0,0.38,0.0,0.0,0.0,0.0,0.0,0.38,0.0,0.0,0.0,0.0,0.0,0.0,0.45,0.0,0.0,2.07,0.94
214964,IPS,Edmundson,D,2.1,0.0,0.25,0.0,0.0,0.0,0.0,0.0,0.0,0.2,0.0,0.0,0.0,0.0,0.41,0.0,0.0,0.0,0.0,0.38,0.0,0.0,0.0,0.0,0.0,0.43,0.0,0.0,0.0,0.0,0.0,0.0,0.4,0.0,0.0,2.06,0.98
94926,IPS,Ladapo,F,2.4,0.0,0.29,0.0,0.0,0.0,0.0,0.0,0.0,0.24,0.0,0.0,0.0,0.0,0.34,0.0,0.0,0.0,0.0,0.32,0.0,0.0,0.0,0.0,0.0,0.36,0.0,0.0,0.0,0.0,0.0,0.0,0.43,0.0,0.0,1.99,0.83
200826,TOT,Lo Celso,M,2.7,0.0,0.0,0.0,0.0,0.0,0.0,0.24,0.0,0.28,0.0,0.0,0.0,0.0,0.0,0.0,0.32,0.0,0.0,0.0,0.0,0.0,0.28,0.0,0.0,0.42,0.0,0.0,0.0,0.0,0.0,0.0,0.0,0.41,0.0,1.95,0.72
181284,WOL,Guedes,F,3.5,0.0,0.0,0.17,0.0,0.0,0.0,0.0,0.0,0.0,0.0,0.32,0.0,0.0,0.3,0.0,0.0,0.0,0.0,0.0,0.0,0.0,0.0,0.43,0.0,0.35,0.0,0.0,0.0,0.0,0.0,0.38,0.0,0.0,0.0,1.94,0.55
226956,BRE,Roerslev,D,2.6,0.0,0.0,0.0,0.0,0.23,0.0,0.0,0.0,0.0,0.0,0.0,0.2,0.0,0.37,0.0,0.0,0.0,0.0,0.27,0.0,0.0,0.0,0.0,0.0,0.33,0.0,0.0,0.0,0.0,0.52,0.0,0.0,0.0,0.0,1.92,0.74
491287,AVL,Barrenechea,M,3.1,0.0,0.0,0.0,0.31,0.0,0.0,0.0,0.0,0.0,0.32,0.0,0.0,0.0,0.41,0.0,0.0,0.0,0.0,0.0,0.31,0.0,0.0,0.0,0.0,0.29,0.0,0.0,0.0,0.0,0.0,0.0,0.24,0.0,0.0,1.87,0.6
441240,BOU,Faivre,M,2.4,0.0,0.0,0.24,0.0,0.0,0.0,0.0,0.0,0.0,0.0,0.3,0.0,0.0,0.35,0.0,0.0,0.0,0.0,0.0,0.0,0.33,0.0,0.0,0.0,0.28,0.0,0.0,0.0,0.0,0.0,0.0,0.0,0.0,0.37,1.87,0.78
477064,MCI,Lewis,D,3.5,0.0,0.0,0.0,0.0,0.0,0.16,0.0,0.0,0.33,0.0,0.0,0.0,0.0,0.0,0.35,0.0,0.0,0.0,0.33,0.0,0.0,0.0,0.0,0.0,0.0,0.0,0.0,0.31,0.4,0.0,0.0,0.0,0.0,0.0,1.87,0.53
55494,CRY,Ward,D,2.8,0.0,0.0,0.0,0.0,0.16,0.0,0.0,0.0,0.28,0.0,0.0,0.0,0.0,0.0,0.0,0.22,0.0,0.0,0.42,0.0,0.0,0.0,0.0,0.0,0.0,0.36,0.0,0.0,0.0,0.41,0.0,0.0,0.0,0.0,1.85,0.66
424044,BOU,H.Traorè,M,2.6,0.0,0.0,0.24,0.0,0.0,0.0,0.0,0.0,0.0,0.0,0.3,0.0,0.0,0.32,0.0,0.0,0.0,0.0,0.0,0.0,0.37,0.0,0.0,0.0,0.29,0.0,0.0,0.0,0.0,0.0,0.0,0.0,0.0,0.33,1.85,0.71
151589,AVL,Dendoncker,M,3.0,0.0,0.0,0.0,0.28,0.0,0.0,0.0,0.0,0.0,0.32,0.0,0.0,0.0,0.37,0.0,0.0,0.0,0.0,0.0,0.32,0.0,0.0,0.0,0.0,0.29,0.0,0.0,0.0,0.0,0.0,0.0,0.26,0.0,0.0,1.84,0.61
235674,TOT,Solomon,M,3.3,0.0,0.0,0.0,0.0,0.0,0.0,0.22,0.0,0.27,0.0,0.0,0.0,0.0,0.0,0.0,0.29,0.0,0.0,0.0,0.0,0.0,0.28,0.0,0.0,0.42,0.0,0.0,0.0,0.0,0.0,0.0,0.0,0.35,0.0,1.82,0.55
194164,EVE,Holgate,D,2.6,0.0,0.0,0.15,0.0,0.0,0.0,0.0,0.0,0.19,0.0,0.0,0.0,0.0,0.28,0.0,0.0,0.0,0.0,0.0,0.31,0.0,0.0,0.0,0.0,0.44,0.0,0.0,0.0,0.0,0.42,0.0,0.0,0.0,0.0,1.79,0.69
214285,LIV,Tsimikas,D,3.0,0.0,0.14,0.0,0.0,0.0,0.0,0.0,0.0,0.0,0.0,0.0,0.26,0.0,0.0,0.0,0.0,0.26,0.0,0.35,0.0,0.0,0.0,0.0,0.0,0.37,0.0,0.0,0.0,0.0,0.0,0.4,0.0,0.0,0.0,1.78,0.59
241157,TOT,E.Royal,D,3.0,0.0,0.0,0.0,0.0,0.0,0.0,0.14,0.0,0.25,0.0,0.0,0.0,0.0,0.0,0.0,0.23,0.0,0.0,0.0,0.0,0.0,0.29,0.0,0.0,0.38,0.0,0.0,0.0,0.0,0.0,0.0,0.0,0.35,0.0,1.65,0.55
209042,TOT,Skipp,M,2.4,0.0,0.0,0.0,0.0,0.0,0.0,0.2,0.0,0.26,0.0,0.0,0.0,0.0,0.0,0.0,0.27,0.0,0.0,0.0,0.0,0.0,0.28,0.0,0.0,0.32,0.0,0.0,0.0,0.0,0.0,0.0,0.0,0.31,0.0,1.65,0.69
463210,SOU,Charles,M,2.1,0.0,0.0,0.16,0.0,0.0,0.0,0.0,0.0,0.23,0.0,0.0,0.0,0.0,0.25,0.0,0.0,0.0,0.29,0.0,0.0,0.0,0.0,0.0,0.0,0.32,0.0,0.0,0.0,0.0,0.0,0.0,0.0,0.0,0.29,1.54,0.73
450542,CRY,Rak-Sakyi,M,2.6,0.0,0.0,0.0,0.0,0.2,0.0,0.0,0.0,0.27,0.0,0.0,0.0,0.0,0.0,0.0,0.19,0.0,0.0,0.22,0.0,0.0,0.0,0.0,0.0,0.0,0.3,0.0,0.0,0.0,0.27,0.0,0.0,0.0,0.0,1.45,0.56
515024,FUL,Harris,M,2.2,0.15,0.0,0.0,0.0,0.0,0.0,0.0,0.0,0.21,0.0,0.0,0.0,0.0,0.21,0.0,0.0,0.0,0.0,0.3,0.0,0.0,0.0,0.0,0.0,0.27,0.0,0.0,0.0,0.0,0.26,0.0,0.0,0.0,0.0,1.39,0.63
440854,ARS,Kiwior,D,3.4,0.0,0.0,0.24,0.0,0.0,0.0,0.0,0.0,0.0,0.24,0.0,0.0,0.23,0.0,0.0,0.0,0.0,0.0,0.0,0.0,0.0,0.2,0.0,0.0,0.0,0.0,0.0,0.17,0.0,0.31,0.0,0.0,0.0,0.0,1.39,0.41
508395,BRE,Yarmoliuk,M,2.2,0.0,0.0,0.0,0.0,0.12,0.0,0.0,0.0,0.0,0.0,0.0,0.17,0.0,0.27,0.0,0.0,0.0,0.0,0.23,0.0,0.0,0.0,0.0,0.0,0.26,0.0,0.0,0.0,0.0,0.33,0.0,0.0,0.0,0.0,1.38,0.63
461421,AVL,Dobbin,F,2.7,0.0,0.0,0.0,0.19,0.0,0.0,0.0,0.0,0.0,0.19,0.0,0.0,0.0,0.23,0.0,0.0,0.0,0.0,0.0,0.31,0.0,0.0,0.0,0.0,0.21,0.0,0.0,0.0,0.0,0.0,0.0,0.24,0.0,0.0,1.37,0.51
463981,BOU,Hill,D,2.2,0.0,0.0,0.08,0.0,0.0,0.0,0.0,0.0,0.0,0.0,0.16,0.0,0.0,0.23,0.0,0.0,0.0,0.0,0.0,0.0,0.24,0.0,0.0,0.0,0.21,0.0,0.0,0.0,0.0,0.0,0.0,0.0,0.0,0.43,1.36,0.62
80607,MUN,Eriksen,M,3.9,0.1,0.0,0.0,0.0,0.0,0.0,0.0,0.16,0.0,0.0,0.0,0.0,0.0,0.0,0.0,0.0,0.22,0.23,0.0,0.0,0.0,0.0,0.0,0.0,0.0,0.28,0.0,0.0,0.0,0.0,0.0,0.0,0.3,0.0,1.29,0.33
478912,CHE,Chukwuemeka,M,2.1,0.0,0.0,0.0,0.0,0.0,0.1,0.0,0.0,0.0,0.0,0.16,0.0,0.0,0.0,0.0,0.25,0.0,0.0,0.0,0.0,0.23,0.0,0.0,0.25,0.0,0.0,0.0,0.0,0.0,0.29,0.0,0.0,0.0,0.0,1.28,0.61
199249,TOT,Reguilón,D,3.4,0.0,0.0,0.0,0.0,0.0,0.0,0.15,0.0,0.2,0.0,0.0,0.0,0.0,0.0,0.0,0.18,0.0,0.0,0.0,0.0,0.0,0.2,0.0,0.0,0.31,0.0,0.0,0.0,0.0,0.0,0.0,0.0,0.24,0.0,1.27,0.37
147611,SOU,Onuachu,F,2.1,0.0,0.0,0.09,0.0,0.0,0.0,0.0,0.0,0.15,0.0,0.0,0.0,0.0,0.14,0.0,0.0,0.0,0.27,0.0,0.0,0.0,0.0,0.0,0.0,0.34,0.0,0.0,0.0,0.0,0.0,0.0,0.0,0.0,0.27,1.25,0.6
515621,CRY,Chadi Riad,D,2.6,0.0,0.0,0.0,0.0,0.14,0.0,0.0,0.0,0.19,0.0,0.0,0.0,0.0,0.0,0.0,0.16,0.0,0.0,0.21,0.0,0.0,0.0,0.0,0.0,0.0,0.28,0.0,0.0,0.0,0.27,0.0,0.0,0.0,0.0,1.25,0.48
449988,WOL,Fábio Silva,F,3.3,0.0,0.0,0.13,0.0,0.0,0.0,0.0,0.0,0.0,0.0,0.23,0.0,0.0,0.17,0.0,0.0,0.0,0.0,0.0,0.0,0.0,0.0,0.24,0.0,0.26,0.0,0.0,0.0,0.0,0.0,0.21,0.0,0.0,0.0,1.24,0.38
531363,WOL,Fraser,F,2.1,0.0,0.0,0.13,0.0,0.0,0.0,0.0,0.0,0.0,0.0,0.18,0.0,0.0,0.21,0.0,0.0,0.0,0.0,0.0,0.0,0.0,0.0,0.23,0.0,0.22,0.0,0.0,0.0,0.0,0.0,0.21,0.0,0.0,0.0,1.18,0.56
153127,NEW,Hayden,M,2.7,0.0,0.0,0.17,0.0,0.0,0.0,0.0,0.0,0.0,0.0,0.23,0.0,0.0,0.0,0.0,0.16,0.0,0.0,0.0,0.0,0.0,0.0,0.18,0.0,0.22,0.0,0.0,0.0,0.19,0.0,0.0,0.0,0.0,0.0,1.14,0.42
514356,CHE,Lavia,M,2.9,0.0,0.0,0.0,0.0,0.0,0.11,0.0,0.0,0.0,0.0,0.15,0.0,0.0,0.0,0.0,0.19,0.0,0.0,0.0,0.0,0.2,0.0,0.0,0.19,0.0,0.0,0.0,0.0,0.0,0.2,0.0,0.0,0.0,0.0,1.05,0.36
469247,AVL,Iling Jr,F,4.0,0.0,0.0,0.0,0.13,0.0,0.0,0.0,0.0,0.0,0.17,0.0,0.0,0.0,0.16,0.0,0.0,0.0,0.0,0.0,0.21,0.0,0.0,0.0,0.0,0.18,0.0,0.0,0.0,0.0,0.0,0.0,0.17,0.0,0.0,1.03,0.26
37096,WHU,Fabianski,G,2.8,0.0,0.0,0.0,0.1,0.0,0.0,0.0,0.0,0.13,0.0,0.0,0.0,0.0,0.0,0.14,0.0,0.0,0.0,0.2,0.0,0.0,0.0,0.0,0.21,0.0,0.0,0.0,0.0,0.0,0.23,0.0,0.0,0.0,0.0,1.01,0.36
232228,IPS,Clarke,D,2.1,0.0,0.08,0.0,0.0,0.0,0.0,0.0,0.0,0.1,0.0,0.0,0.0,0.0,0.2,0.0,0.0,0.0,0.0,0.16,0.0,0.0,0.0,0.0,0.0,0.21,0.0,0.0,0.0,0.0,0.0,0.0,0.25,0.0,0.0,1.01,0.48
444180,BOU,Anthony,F,3.2,0.0,0.0,0.08,0.0,0.0,0.0,0.0,0.0,0.0,0.0,0.17,0.0,0.0,0.19,0.0,0.0,0.0,0.0,0.0,0.0,0.17,0.0,0.0,0.0,0.18,0.0,0.0,0.0,0.0,0.0,0.0,0.0,0.0,0.22,1.0,0.31
243345,FOR,O'Brien,M,2.2,0.0,0.0,0.06,0.0,0.0,0.0,0.0,0.0,0.14,0.0,0.0,0.0,0.0,0.14,0.0,0.0,0.0,0.0,0.15,0.0,0.0,0.0,0.0,0.0,0.0,0.0,0.21,0.0,0.0,0.23,0.0,0.0,0.0,0.0,0.93,0.42
429414,WOL,Kalajdžić,F,3.4,0.0,0.0,0.0,0.0,0.0,0.0,0.0,0.0,0.0,0.0,0.1,0.0,0.0,0.18,0.0,0.0,0.0,0.0,0.0,0.0,0.0,0.0,0.2,0.0,0.23,0.0,0.0,0.0,0.0,0.0,0.22,0.0,0.0,0.0,0.93,0.27
209243,MUN,Sancho,M,4.5,0.13,0.0,0.0,0.0,0.0,0.0,0.0,0.15,0.0,0.0,0.0,0.0,0.0,0.0,0.0,0.0,0.11,0.16,0.0,0.0,0.0,0.0,0.0,0.0,0.0,0.19,0.0,0.0,0.0,0.0,0.0,0.0,0.16,0.0,0.91,0.2
225321,ARS,Ramsdale,G,4.0,0.0,0.0,0.1,0.0,0.0,0.0,0.0,0.0,0.0,0.08,0.0,0.0,0.18,0.0,0.0,0.0,0.0,0.0,0.0,0.0,0.0,0.15,0.0,0.0,0.0,0.0,0.0,0.17,0.0,0.23,0.0,0.0,0.0,0.0,0.91,0.23
37642,MUN,Evans,D,2.5,0.04,0.0,0.0,0.0,0.0,0.0,0.0,0.12,0.0,0.0,0.0,0.0,0.0,0.0,0.0,0.0,0.11,0.2,0.0,0.0,0.0,0.0,0.0,0.0,0.0,0.19,0.0,0.0,0.0,0.0,0.0,0.0,0.18,0.0,0.84,0.34
535928,LIV,Bajcetic,M,2.3,0.0,0.06,0.0,0.0,0.0,0.0,0.0,0.0,0.0,0.0,0.0,0.09,0.0,0.0,0.0,0.0,0.14,0.0,0.15,0.0,0.0,0.0,0.0,0.0,0.18,0.0,0.0,0.0,0.0,0.0,0.18,0.0,0.0,0.0,0.8,0.35
48760,BRE,Zanka,D,2.5,0.0,0.0,0.0,0.0,0.08,0.0,0.0,0.0,0.0,0.0,0.0,0.08,0.0,0.12,0.0,0.0,0.0,0.0,0.11,0.0,0.0,0.0,0.0,0.0,0.16,0.0,0.0,0.0,0.0,0.22,0.0,0.0,0.0,0.0,0.77,0.31
108813,IPS,Walton,G,2.4,0.0,0.06,0.0,0.0,0.0,0.0,0.0,0.0,0.08,0.0,0.0,0.0,0.0,0.13,0.0,0.0,0.0,0.0,0.12,0.0,0.0,0.0,0.0,0.0,0.16,0.0,0.0,0.0,0.0,0.0,0.0,0.2,0.0,0.0,0.76,0.32
184386,SOU,Bree,D,2.2,0.0,0.0,0.04,0.0,0.0,0.0,0.0,0.0,0.11,0.0,0.0,0.0,0.0,0.1,0.0,0.0,0.0,0.14,0.0,0.0,0.0,0.0,0.0,0.0,0.21,0.0,0.0,0.0,0.0,0.0,0.0,0.0,0.0,0.15,0.76,0.34
547701,TOT,Gray,M,3.2,0.0,0.0,0.0,0.0,0.0,0.0,0.06,0.0,0.09,0.0,0.0,0.0,0.0,0.0,0.0,0.11,0.0,0.0,0.0,0.0,0.0,0.13,0.0,0.0,0.17,0.0,0.0,0.0,0.0,0.0,0.0,0.0,0.17,0.0,0.72,0.23
243505,BHA,Moder,M,2.6,0.0,0.0,0.06,0.0,0.0,0.0,0.0,0.13,0.0,0.0,0.0,0.0,0.1,0.0,0.0,0.0,0.0,0.0,0.14,0.0,0.0,0.0,0.0,0.0,0.0,0.0,0.13,0.0,0.0,0.15,0.0,0.0,0.0,0.0,0.72,0.28
156074,CRY,Holding,D,2.6,0.0,0.0,0.0,0.0,0.04,0.0,0.0,0.0,0.09,0.0,0.0,0.0,0.0,0.0,0.0,0.09,0.0,0.0,0.17,0.0,0.0,0.0,0.0,0.0,0.0,0.18,0.0,0.0,0.0,0.14,0.0,0.0,0.0,0.0,0.72,0.28
207270,LEI,Iversen,G,2.2,0.0,0.0,0.0,0.0,0.0,0.0,0.09,0.0,0.1,0.0,0.0,0.0,0.0,0.1,0.0,0.0,0.0,0.0,0.12,0.0,0.0,0.0,0.0,0.0,0.14,0.0,0.0,0.0,0.0,0.15,0.0,0.0,0.0,0.0,0.7,0.32
200720,LIV,Kelleher,G,3.1,0.0,0.08,0.0,0.0,0.0,0.0,0.0,0.0,0.0,0.0,0.0,0.08,0.0,0.0,0.0,0.0,0.11,0.0,0.12,0.0,0.0,0.0,0.0,0.0,0.15,0.0,0.0,0.0,0.0,0.0,0.12,0.0,0.0,0.0,0.66,0.21
524180,IPS,Humphreys,M,2.1,0.0,0.05,0.0,0.0,0.0,0.0,0.0,0.0,0.07,0.0,0.0,0.0,0.0,0.1,0.0,0.0,0.0,0.0,0.14,0.0,0.0,0.0,0.0,0.0,0.15,0.0,0.0,0.0,0.0,0.0,0.0,0.15,0.0,0.0,0.66,0.31
523700,BOU,Jebbison,F,2.7,0.0,0.0,0.05,0.0,0.0,0.0,0.0,0.0,0.0,0.0,0.16,0.0,0.0,0.19,0.0,0.0,0.0,0.0,0.0,0.0,0.11,0.0,0.0,0.0,0.08,0.0,0.0,0.0,0.0,0.0,0.0,0.0,0.0,0.06,0.65,0.24
497606,WOL,Chirewa,M,2.6,0.0,0.0,0.07,0.0,0.0,0.0,0.0,0.0,0.0,0.0,0.09,0.0,0.0,0.08,0.0,0.0,0.0,0.0,0.0,0.0,0.0,0.0,0.13,0.0,0.12,0.0,0.0,0.0,0.0,0.0,0.16,0.0,0.0,0.0,0.64,0.25
428971,FUL,Benda,G,2.5,0.04,0.0,0.0,0.0,0.0,0.0,0.0,0.0,0.08,0.0,0.0,0.0,0.0,0.11,0.0,0.0,0.0,0.0,0.14,0.0,0.0,0.0,0.0,0.0,0.12,0.0,0.0,0.0,0.0,0.13,0.0,0.0,0.0,0.0,0.62,0.25
111782,AVL,Olsen,G,2.5,0.0,0.0,0.0,0.04,0.0,0.0,0.0,0.0,0.0,0.07,0.0,0.0,0.0,0.11,0.0,0.0,0.0,0.0,0.0,0.11,0.0,0.0,0.0,0.0,0.14,0.0,0.0,0.0,0.0,0.0,0.0,0.14,0.0,0.0,0.61,0.24
466117,CRY,Ahamada,M,2.8,0.0,0.0,0.0,0.0,0.06,0.0,0.0,0.0,0.07,0.0,0.0,0.0,0.0,0.0,0.0,0.09,0.0,0.0,0.13,0.0,0.0,0.0,0.0,0.0,0.0,0.12,0.0,0.0,0.0,0.14,0.0,0.0,0.0,0.0,0.61,0.22
503714,CHE,Ugochukwu,M,2.2,0.0,0.0,0.0,0.0,0.0,0.05,0.0,0.0,0.0,0.0,0.08,0.0,0.0,0.0,0.0,0.14,0.0,0.0,0.0,0.0,0.1,0.0,0.0,0.11,0.0,0.0,0.0,0.0,0.0,0.13,0.0,0.0,0.0,0.0,0.6,0.27
222627,EVE,J.Virginia,G,2.5,0.0,0.0,0.04,0.0,0.0,0.0,0.0,0.0,0.06,0.0,0.0,0.0,0.0,0.11,0.0,0.0,0.0,0.0,0.0,0.09,0.0,0.0,0.0,0.0,0.11,0.0,0.0,0.0,0.0,0.14,0.0,0.0,0.0,0.0,0.57,0.23
451302,MUN,Bayindir,G,2.8,0.0,0.0,0.0,0.0,0.0,0.0,0.0,0.07,0.0,0.0,0.0,0.0,0.0,0.0,0.0,0.0,0.09,0.13,0.0,0.0,0.0,0.0,0.0,0.0,0.0,0.13,0.0,0.0,0.0,0.0,0.0,0.0,0.12,0.0,0.54,0.19
507433,BRE,Valdimarsson,G,2.5,0.0,0.0,0.0,0.0,0.04,0.0,0.0,0.0,0.0,0.0,0.0,0.06,0.0,0.12,0.0,0.0,0.0,0.0,0.08,0.0,0.0,0.0,0.0,0.0,0.09,0.0,0.0,0.0,0.0,0.14,0.0,0.0,0.0,0.0,0.53,0.21
224068,FOR,Turner,G,3.0,0.0,0.0,0.0,0.0,0.0,0.0,0.0,0.0,0.08,0.0,0.0,0.0,0.0,0.08,0.0,0.0,0.0,0.0,0.11,0.0,0.0,0.0,0.0,0.0,0.0,0.0,0.1,0.0,0.0,0.15,0.0,0.0,0.0,0.0,0.52,0.17
232859,TOT,Spence,D,3.0,0.0,0.0,0.0,0.0,0.0,0.0,0.0,0.0,0.09,0.0,0.0,0.0,0.0,0.0,0.0,0.07,0.0,0.0,0.0,0.0,0.0,0.1,0.0,0.0,0.13,0.0,0.0,0.0,0.0,0.0,0.0,0.0,0.11,0.0,0.49,0.16
612855,BHA,I.Osman,F,2.9,0.0,0.0,0.09,0.0,0.0,0.0,0.0,0.1,0.0,0.0,0.0,0.0,0.1,0.0,0.0,0.0,0.0,0.0,0.07,0.0,0.0,0.0,0.0,0.0,0.0,0.0,0.07,0.0,0.0,0.06,0.0,0.0,0.0,0.0,0.49,0.17
79602,WOL,Bentley,G,2.5,0.0,0.0,0.04,0.0,0.0,0.0,0.0,0.0,0.0,0.0,0.07,0.0,0.0,0.1,0.0,0.0,0.0,0.0,0.0,0.0,0.0,0.0,0.09,0.0,0.06,0.0,0.0,0.0,0.0,0.0,0.13,0.0,0.0,0.0,0.48,0.19
477555,MCI,Bobb,M,3.0,0.0,0.0,0.0,0.0,0.0,0.04,0.0,0.0,0.11,0.0,0.0,0.0,0.0,0.0,0.04,0.0,0.0,0.0,0.1,0.0,0.0,0.0,0.0,0.0,0.0,0.0,0.0,0.07,0.12,0.0,0.0,0.0,0.0,0.0,0.48,0.16
111452,NEW,Odysseas,G,3.1,0.0,0.0,0.0,0.0,0.0,0.0,0.0,0.0,0.0,0.0,0.07,0.0,0.0,0.0,0.0,0.1,0.0,0.0,0.0,0.0,0.0,0.0,0.11,0.0,0.1,0.0,0.0,0.0,0.09,0.0,0.0,0.0,0.0,0.0,0.47,0.15
432714,MCI,McAtee,M,2.5,0.0,0.0,0.0,0.0,0.0,0.04,0.0,0.0,0.1,0.0,0.0,0.0,0.0,0.0,0.04,0.0,0.0,0.0,0.09,0.0,0.0,0.0,0.0,0.0,0.0,0.0,0.0,0.07,0.11,0.0,0.0,0.0,0.0,0.0,0.46,0.18
167888,SOU,Lumley,G,2.2,0.0,0.0,0.0,0.0,0.0,0.0,0.0,0.0,0.07,0.0,0.0,0.0,0.0,0.07,0.0,0.0,0.0,0.1,0.0,0.0,0.0,0.0,0.0,0.0,0.12,0.0,0.0,0.0,0.0,0.0,0.0,0.0,0.0,0.09,0.44,0.2
40383,TOT,Forster,G,2.8,0.0,0.0,0.0,0.0,0.0,0.0,0.0,0.0,0.08,0.0,0.0,0.0,0.0,0.0,0.0,0.09,0.0,0.0,0.0,0.0,0.0,0.07,0.0,0.0,0.11,0.0,0.0,0.0,0.0,0.0,0.0,0.0,0.1,0.0,0.44,0.16
245923,WOL,Cundle,M,2.1,0.0,0.0,0.0,0.0,0.0,0.0,0.0,0.0,0.0,0.0,0.03,0.0,0.0,0.06,0.0,0.0,0.0,0.0,0.0,0.0,0.0,0.0,0.1,0.0,0.1,0.0,0.0,0.0,0.0,0.0,0.09,0.0,0.0,0.0,0.39,0.19
520295,CHE,D.D.Fofana,F,3.0,0.0,0.0,0.0,0.0,0.0,0.0,0.0,0.0,0.0,0.0,0.0,0.0,0.0,0.0,0.0,0.05,0.0,0.0,0.0,0.0,0.1,0.0,0.0,0.1,0.0,0.0,0.0,0.0,0.0,0.1,0.0,0.0,0.0,0.0,0.36,0.12
450535,CRY,Ebiowei,M,2.4,0.0,0.0,0.0,0.0,0.0,0.0,0.0,0.0,0.05,0.0,0.0,0.0,0.0,0.0,0.0,0.04,0.0,0.0,0.09,0.0,0.0,0.0,0.0,0.0,0.0,0.09,0.0,0.0,0.0,0.08,0.0,0.0,0.0,0.0,0.34,0.14
569014,FOR,Da Silva Moreira,M,2.4,0.0,0.0,0.0,0.0,0.0,0.0,0.0,0.0,0.03,0.0,0.0,0.0,0.0,0.04,0.0,0.0,0.0,0.0,0.06,0.0,0.0,0.0,0.0,0.0,0.0,0.0,0.1,0.0,0.0,0.11,0.0,0.0,0.0,0.0,0.33,0.14
205533,ARS,Nketiah,F,4.0,0.0,0.0,0.12,0.0,0.0,0.0,0.0,0.0,0.0,0.05,0.0,0.0,0.0,0.0,0.0,0.0,0.0,0.0,0.0,0.0,0.0,0.05,0.0,0.0,0.0,0.0,0.0,0.04,0.0,0.06,0.0,0.0,0.0,0.0,0.31,0.08
510363,WOL,Chiquinho,F,3.2,0.0,0.0,0.0,0.0,0.0,0.0,0.0,0.0,0.0,0.0,0.05,0.0,0.0,0.0,0.0,0.0,0.0,0.0,0.0,0.0,0.0,0.0,0.05,0.0,0.08,0.0,0.0,0.0,0.0,0.0,0.08,0.0,0.0,0.0,0.26,0.08
168090,BHA,Dahoud,M,2.9,0.0,0.0,0.0,0.0,0.0,0.0,0.0,0.03,0.0,0.0,0.0,0.0,0.05,0.0,0.0,0.0,0.0,0.0,0.06,0.0,0.0,0.0,0.0,0.0,0.0,0.0,0.05,0.0,0.0,0.05,0.0,0.0,0.0,0.0,0.25,0.09
244845,SOU,Wood,D,2.3,0.0,0.0,0.0,0.0,0.0,0.0,0.0,0.0,0.0,0.0,0.0,0.0,0.0,0.0,0.0,0.0,0.0,0.07,0.0,0.0,0.0,0.0,0.0,0.0,0.08,0.0,0.0,0.0,0.0,0.0,0.0,0.0,0.0,0.06,0.22,0.09
200641,ARS,Nelson,F,2.6,0.0,0.0,0.05,0.0,0.0,0.0,0.0,0.0,0.0,0.04,0.0,0.0,0.0,0.0,0.0,0.0,0.0,0.0,0.0,0.0,0.0,0.0,0.0,0.0,0.0,0.0,0.0,0.03,0.0,0.05,0.0,0.0,0.0,0.0,0.17,0.06
169359,NEW,Targett,D,3.2,0.0,0.0,0.0,0.0,0.0,0.0,0.0,0.0,0.0,0.0,0.0,0.0,0.0,0.0,0.0,0.0,0.0,0.0,0.0,0.0,0.0,0.0,0.04,0.0,0.04,0.0,0.0,0.0,0.04,0.0,0.0,0.0,0.0,0.0,0.13,0.04
17601,MCI,Carson,G,2.4,0.0,0.0,0.0,0.0,0.0,0.0,0.0,0.0,0.0,0.0,0.0,0.0,0.0,0.0,0.0,0.0,0.0,0.0,0.0,0.0,0.0,0.0,0.0,0.0,0.0,0.0,0.0,0.05,0.08,0.0,0.0,0.0,0.0,0.0,0.12,0.05
532605,CHE,Andrey Santos,M,3.0,0.0,0.0,0.0,0.0,0.0,0.0,0.0,0.0,0.0,0.0,0.0,0.0,0.0,0.0,0.0,0.03,0.0,0.0,0.0,0.0,0.03,0.0,0.0,0.0,0.0,0.0,0.0,0.0,0.0,0.06,0.0,0.0,0.0,0.0,0.12,0.04
90105,NEW,Fraser,M,3.1,0.0,0.0,0.0,0.0,0.0,0.0,0.0,0.0,0.0,0.0,0.0,0.0,0.0,0.0,0.0,0.0,0.0,0.0,0.0,0.0,0.0,0.0,0.04,0.0,0.04,0.0,0.0,0.0,0.03,0.0,0.0,0.0,0.0,0.0,0.11,0.04
547719,NEW,Miley,M,2.7,0.0,0.0,0.0,0.0,0.0,0.0,0.0,0.0,0.0,0.0,0.0,0.0,0.0,0.0,0.0,0.0,0.0,0.0,0.0,0.0,0.0,0.0,0.0,0.0,0.0,0.0,0.0,0.0,0.1,0.0,0.0,0.0,0.0,0.0,0.1,0.04
123354,AVL,Hause,D,2.5,0.0,0.0,0.0,0.0,0.0,0.0,0.0,0.0,0.0,0.0,0.0,0.0,0.0,0.0,0.0,0.0,0.0,0.0,0.0,0.05,0.0,0.0,0.0,0.0,0.05,0.0,0.0,0.0,0.0,0.0,0.0,0.0,0.0,0.0,0.09,0.04
194799,NEW,Lewis,D,2.6,0.0,0.0,0.0,0.0,0.0,0.0,0.0,0.0,0.0,0.0,0.0,0.0,0.0,0.0,0.0,0.0,0.0,0.0,0.0,0.0,0.0,0.0,0.0,0.0,0.05,0.0,0.0,0.0,0.04,0.0,0.0,0.0,0.0,0.0,0.09,0.04
194190,LEI,Souttar,D,2.4,0.0,0.0,0.0,0.0,0.0,0.0,0.0,0.0,0.0,0.0,0.0,0.0,0.0,0.0,0.0,0.0,0.0,0.0,0.0,0.0,0.0,0.0,0.0,0.0,0.05,0.0,0.0,0.0,0.0,0.03,0.0,0.0,0.0,0.0,0.08,0.03
155405,MCI,Phillips,M,3.1,0.0,0.0,0.0,0.0,0.0,0.0,0.0,0.0,0.0,0.0,0.0,0.0,0.0,0.0,0.0,0.0,0.0,0.0,0.0,0.0,0.0,0.0,0.0,0.0,0.0,0.0,0.0,0.03,0.03,0.0,0.0,0.0,0.0,0.0,0.06,0.02
465527,MUN,Hannibal,M,2.7,0.0,0.0,0.0,0.0,0.0,0.0,0.0,0.0,0.0,0.0,0.0,0.0,0.0,0.0,0.0,0.0,0.0,0.0,0.0,0.0,0.0,0.0,0.0,0.0,0.0,0.03,0.0,0.0,0.0,0.0,0.0,0.0,0.03,0.0,0.06,0.02
488404,MUN,Pellistri,M,2.9,0.0,0.0,0.0,0.0,0.0,0.0,0.0,0.0,0.0,0.0,0.0,0.0,0.0,0.0,0.0,0.0,0.0,0.0,0.0,0.0,0.0,0.0,0.0,0.0,0.0,0.0,0.0,0.0,0.0,0.0,0.0,0.0,0.04,0.0,0.04,0.01
82143,WHU,Foderingham,G,2.2,0.0,0.0,0.0,0.0,0.0,0.0,0.0,0.0,0.0,0.0,0.0,0.0,0.0,0.0,0.0,0.0,0.0,0.0,0.0,0.0,0.0,0.0,0.0,0.0,0.0,0.0,0.0,0.0,0.0,0.0,0.0,0.0,0.0,0.0,0.0,0.0
434044,IPS,Slicker,G,2.0,0.0,0.0,0.0,0.0,0.0,0.0,0.0,0.0,0.0,0.0,0.0,0.0,0.0,0.0,0.0,0.0,0.0,0.0,0.0,0.0,0.0,0.0,0.0,0.0,0.0,0.0,0.0,0.0,0.0,0.0,0.0,0.0,0.0,0.0,0.0,0.0
201440,FOR,Ui-jo,F,2.4,0.0,0.0,0.0,0.0,0.0,0.0,0.0,0.0,0.0,0.0,0.0,0.0,0.0,0.0,0.0,0.0,0.0,0.0,0.0,0.0,0.0,0.0,0.0,0.0,0.0,0.0,0.0,0.0,0.0,0.0,0.0,0.0,0.0,0.0,0.0,0.0
500926,SOU,Edwards,D,2.2,0.0,0.0,0.0,0.0,0.0,0.0,0.0,0.0,0.0,0.0,0.0,0.0,0.0,0.0,0.0,0.0,0.0,0.0,0.0,0.0,0.0,0.0,0.0,0.0,0.0,0.0,0.0,0.0,0.0,0.0,0.0,0.0,0.0,0.0,0.0,0.0
531989,CRY,Ozoh,M,2.5,0.0,0.0,0.0,0.0,0.0,0.0,0.0,0.0,0.0,0.0,0.0,0.0,0.0,0.0,0.0,0.0,0.0,0.0,0.0,0.0,0.0,0.0,0.0,0.0,0.0,0.0,0.0,0.0,0.0,0.0,0.0,0.0,0.0,0.0,0.0,0.0
101148,NEW,Lascelles,D,2.8,0.0,0.0,0.0,0.0,0.0,0.0,0.0,0.0,0.0,0.0,0.0,0.0,0.0,0.0,0.0,0.0,0.0,0.0,0.0,0.0,0.0,0.0,0.0,0.0,0.0,0.0,0.0,0.0,0.0,0.0,0.0,0.0,0.0,0.0,0.0,0.0
499724,SOU,Amo-Ameyaw,F,2.1,0.0,0.0,0.0,0.0,0.0,0.0,0.0,0.0,0.0,0.0,0.0,0.0,0.0,0.0,0.0,0.0,0.0,0.0,0.0,0.0,0.0,0.0,0.0,0.0,0.0,0.0,0.0,0.0,0.0,0.0,0.0,0.0,0.0,0.0,0.0,0.0
475123,FOR,C.Miguel,G,3.1,0.0,0.0,0.0,0.0,0.0,0.0,0.0,0.0,0.0,0.0,0.0,0.0,0.0,0.0,0.0,0.0,0.0,0.0,0.0,0.0,0.0,0.0,0.0,0.0,0.0,0.0,0.0,0.0,0.0,0.0,0.0,0.0,0.0,0.0,0.0,0.0
240299,WOL,Hodge,M,2.3,0.0,0.0,0.0,0.0,0.0,0.0,0.0,0.0,0.0,0.0,0.0,0.0,0.0,0.0,0.0,0.0,0.0,0.0,0.0,0.0,0.0,0.0,0.0,0.0,0.0,0.0,0.0,0.0,0.0,0.0,0.0,0.0,0.0,0.0,0.0,0.0
462492,AVL,Gauci,G,2.3,0.0,0.0,0.0,0.0,0.0,0.0,0.0,0.0,0.0,0.0,0.0,0.0,0.0,0.0,0.0,0.0,0.0,0.0,0.0,0.0,0.0,0.0,0.0,0.0,0.0,0.0,0.0,0.0,0.0,0.0,0.0,0.0,0.0,0.0,0.0,0.0
67089,NEW,Dúbravka,G,2.8,0.0,0.0,0.0,0.0,0.0,0.0,0.0,0.0,0.0,0.0,0.0,0.0,0.0,0.0,0.0,0.0,0.0,0.0,0.0,0.0,0.0,0.0,0.0,0.0,0.0,0.0,0.0,0.0,0.0,0.0,0.0,0.0,0.0,0.0,0.0,0.0
549068,CHE,Kellyman,M,2.5,0.0,0.0,0.0,0.0,0.0,0.0,0.0,0.0,0.0,0.0,0.0,0.0,0.0,0.0,0.0,0.0,0.0,0.0,0.0,0.0,0.0,0.0,0.0,0.0,0.0,0.0,0.0,0.0,0.0,0.0,0.0,0.0,0.0,0.0,0.0,0.0
496208,LIV,Doak,F,2.5,0.0,0.0,0.0,0.0,0.0,0.0,0.0,0.0,0.0,0.0,0.0,0.0,0.0,0.0,0.0,0.0,0.0,0.0,0.0,0.0,0.0,0.0,0.0,0.0,0.0,0.0,0.0,0.0,0.0,0.0,0.0,0.0,0.0,0.0,0.0,0.0
200785,BOU,Adams,M,2.5,0.0,0.0,0.0,0.0,0.0,0.0,0.0,0.0,0.0,0.0,0.0,0.0,0.0,0.0,0.0,0.0,0.0,0.0,0.0,0.0,0.0,0.0,0.0,0.0,0.0,0.0,0.0,0.0,0.0,0.0,0.0,0.0,0.0,0.0,0.0,0.0
200600,WOL,Podence,M,3.3,0.0,0.0,0.0,0.0,0.0,0.0,0.0,0.0,0.0,0.0,0.0,0.0,0.0,0.0,0.0,0.0,0.0,0.0,0.0,0.0,0.0,0.0,0.0,0.0,0.0,0.0,0.0,0.0,0.0,0.0,0.0,0.0,0.0,0.0,0.0,0.0
204727,CHE,M.Sarr,D,2.6,0.0,0.0,0.0,0.0,0.0,0.0,0.0,0.0,0.0,0.0,0.0,0.0,0.0,0.0,0.0,0.0,0.0,0.0,0.0,0.0,0.0,0.0,0.0,0.0,0.0,0.0,0.0,0.0,0.0,0.0,0.0,0.0,0.0,0.0,0.0,0.0
505187,CHE,Casadei,M,2.2,0.0,0.0,0.0,0.0,0.0,0.0,0.0,0.0,0.0,0.0,0.0,0.0,0.0,0.0,0.0,0.0,0.0,0.0,0.0,0.0,0.0,0.0,0.0,0.0,0.0,0.0,0.0,0.0,0.0,0.0,0.0,0.0,0.0,0.0,0.0,0.0
19236,NEW,Ruddy,G,2.5,0.0,0.0,0.0,0.0,0.0,0.0,0.0,0.0,0.0,0.0,0.0,0.0,0.0,0.0,0.0,0.0,0.0,0.0,0.0,0.0,0.0,0.0,0.0,0.0,0.0,0.0,0.0,0.0,0.0,0.0,0.0,0.0,0.0,0.0,0.0,0.0
441192,BHA,Sarmiento,F,2.5,0.0,0.0,0.0,0.0,0.0,0.0,0.0,0.0,0.0,0.0,0.0,0.0,0.0,0.0,0.0,0.0,0.0,0.0,0.0,0.0,0.0,0.0,0.0,0.0,0.0,0.0,0.0,0.0,0.0,0.0,0.0,0.0,0.0,0.0,0.0,0.0
138001,WOL,King,G,2.1,0.0,0.0,0.0,0.0,0.0,0.0,0.0,0.0,0.0,0.0,0.0,0.0,0.0,0.0,0.0,0.0,0.0,0.0,0.0,0.0,0.0,0.0,0.0,0.0,0.0,0.0,0.0,0.0,0.0,0.0,0.0,0.0,0.0,0.0,0.0,0.0
109745,CHE,Arrizabalaga,G,3.2,0.0,0.0,0.0,0.0,0.0,0.0,0.0,0.0,0.0,0.0,0.0,0.0,0.0,0.0,0.0,0.0,0.0,0.0,0.0,0.0,0.0,0.0,0.0,0.0,0.0,0.0,0.0,0.0,0.0,0.0,0.0,0.0,0.0,0.0,0.0,0.0
456350,SOU,Bazunu,G,2.5,0.0,0.0,0.0,0.0,0.0,0.0,0.0,0.0,0.0,0.0,0.0,0.0,0.0,0.0,0.0,0.0,0.0,0.0,0.0,0.0,0.0,0.0,0.0,0.0,0.0,0.0,0.0,0.0,0.0,0.0,0.0,0.0,0.0,0.0,0.0,0.0
227444,FOR,Milenković,D,2.7,0.0,0.0,0.0,0.0,0.0,0.0,0.0,0.0,0.0,0.0,0.0,0.0,0.0,0.0,0.0,0.0,0.0,0.0,0.0,0.0,0.0,0.0,0.0,0.0,0.0,0.0,0.0,0.0,0.0,0.0,0.0,0.0,0.0,0.0,0.0,0.0
192895,ARS,Tierney,D,3.5,0.0,0.0,0.0,0.0,0.0,0.0,0.0,0.0,0.0,0.0,0.0,0.0,0.0,0.0,0.0,0.0,0.0,0.0,0.0,0.0,0.0,0.0,0.0,0.0,0.0,0.0,0.0,0.0,0.0,0.0,0.0,0.0,0.0,0.0,0.0,0.0
121145,MCI,João Cancelo,D,4.9,0.0,0.0,0.0,0.0,0.0,0.0,0.0,0.0,0.0,0.0,0.0,0.0,0.0,0.0,0.0,0.0,0.0,0.0,0.0,0.0,0.0,0.0,0.0,0.0,0.0,0.0,0.0,0.0,0.0,0.0,0.0,0.0,0.0,0.0,0.0,0.0
593001,WOL,Gonzalez,M,2.5,0.0,0.0,0.0,0.0,0.0,0.0,0.0,0.0,0.0,0.0,0.0,0.0,0.0,0.0,0.0,0.0,0.0,0.0,0.0,0.0,0.0,0.0,0.0,0.0,0.0,0.0,0.0,0.0,0.0,0.0,0.0,0.0,0.0,0.0,0.0,0.0
487117,BHA,Ferguson,F,3.6,0.0,0.0,0.0,0.0,0.0,0.0,0.0,0.0,0.0,0.0,0.0,0.0,0.0,0.0,0.0,0.0,0.0,0.0,0.0,0.0,0.0,0.0,0.0,0.0,0.0,0.0,0.0,0.0,0.0,0.0,0.0,0.0,0.0,0.0,0.0,0.0
515571,SOU,Larios,D,2.2,0.0,0.0,0.0,0.0,0.0,0.0,0.0,0.0,0.0,0.0,0.0,0.0,0.0,0.0,0.0,0.0,0.0,0.0,0.0,0.0,0.0,0.0,0.0,0.0,0.0,0.0,0.0,0.0,0.0,0.0,0.0,0.0,0.0,0.0,0.0,0.0
483081,WOL,R.Gomes,M,3.1,0.0,0.0,0.0,0.0,0.0,0.0,0.0,0.0,0.0,0.0,0.0,0.0,0.0,0.0,0.0,0.0,0.0,0.0,0.0,0.0,0.0,0.0,0.0,0.0,0.0,0.0,0.0,0.0,0.0,0.0,0.0,0.0,0.0,0.0,0.0,0.0
204822,FOR,O.Richards,D,2.3,0.0,0.0,0.0,0.0,0.0,0.0,0.0,0.0,0.0,0.0,0.0,0.0,0.0,0.0,0.0,0.0,0.0,0.0,0.0,0.0,0.0,0.0,0.0,0.0,0.0,0.0,0.0,0.0,0.0,0.0,0.0,0.0,0.0,0.0,0.0,0.0
490146,FUL,Stansfield,F,2.3,0.0,0.0,0.0,0.0,0.0,0.0,0.0,0.0,0.0,0.0,0.0,0.0,0.0,0.0,0.0,0.0,0.0,0.0,0.0,0.0,0.0,0.0,0.0,0.0,0.0,0.0,0.0,0.0,0.0,0.0,0.0,0.0,0.0,0.0,0.0,0.0
519324,BHA,Cozier-Duberry,M,2.6,0.0,0.0,0.0,0.0,0.0,0.0,0.0,0.0,0.0,0.0,0.0,0.0,0.0,0.0,0.0,0.0,0.0,0.0,0.0,0.0,0.0,0.0,0.0,0.0,0.0,0.0,0.0,0.0,0.0,0.0,0.0,0.0,0.0,0.0,0.0,0.0
510281,MCI,Sávio,M,4.0,0.0,0.0,0.0,0.0,0.0,0.0,0.0,0.0,0.0,0.0,0.0,0.0,0.0,0.0,0.0,0.0,0.0,0.0,0.0,0.0,0.0,0.0,0.0,0.0,0.0,0.0,0.0,0.0,0.0,0.0,0.0,0.0,0.0,0.0,0.0,0.0
491970,LIV,Clark,M,2.5,0.0,0.0,0.0,0.0,0.0,0.0,0.0,0.0,0.0,0.0,0.0,0.0,0.0,0.0,0.0,0.0,0.0,0.0,0.0,0.0,0.0,0.0,0.0,0.0,0.0,0.0,0.0,0.0,0.0,0.0,0.0,0.0,0.0,0.0,0.0,0.0
570526,TOT,Bergvall,M,3.1,0.0,0.0,0.0,0.0,0.0,0.0,0.0,0.0,0.0,0.0,0.0,0.0,0.0,0.0,0.0,0.0,0.0,0.0,0.0,0.0,0.0,0.0,0.0,0.0,0.0,0.0,0.0,0.0,0.0,0.0,0.0,0.0,0.0,0.0,0.0,0.0
244930,FOR,Mighten,F,2.2,0.0,0.0,0.0,0.0,0.0,0.0,0.0,0.0,0.0,0.0,0.0,0.0,0.0,0.0,0.0,0.0,0.0,0.0,0.0,0.0,0.0,0.0,0.0,0.0,0.0,0.0,0.0,0.0,0.0,0.0,0.0,0.0,0.0,0.0,0.0,0.0
551230,CHE,Renato Veiga,M,3.0,0.0,0.0,0.0,0.0,0.0,0.0,0.0,0.0,0.0,0.0,0.0,0.0,0.0,0.0,0.0,0.0,0.0,0.0,0.0,0.0,0.0,0.0,0.0,0.0,0.0,0.0,0.0,0.0,0.0,0.0,0.0,0.0,0.0,0.0,0.0,0.0
66749,CHE,Lukaku,F,6.2,0.0,0.0,0.0,0.0,0.0,0.0,0.0,0.0,0.0,0.0,0.0,0.0,0.0,0.0,0.0,0.0,0.0,0.0,0.0,0.0,0.0,0.0,0.0,0.0,0.0,0.0,0.0,0.0,0.0,0.0,0.0,0.0,0.0,0.0,0.0,0.0
617054,CHE,Deivid,F,3.0,0.0,0.0,0.0,0.0,0.0,0.0,0.0,0.0,0.0,0.0,0.0,0.0,0.0,0.0,0.0,0.0,0.0,0.0,0.0,0.0,0.0,0.0,0.0,0.0,0.0,0.0,0.0,0.0,0.0,0.0,0.0,0.0,0.0,0.0,0.0,0.0
450539,BRE,Peart-Harris,M,2.0,0.0,0.0,0.0,0.0,0.0,0.0,0.0,0.0,0.0,0.0,0.0,0.0,0.0,0.0,0.0,0.0,0.0,0.0,0.0,0.0,0.0,0.0,0.0,0.0,0.0,0.0,0.0,0.0,0.0,0.0,0.0,0.0,0.0,0.0,0.0,0.0
95463,LEI,Ward,G,2.2,0.0,0.0,0.0,0.0,0.0,0.0,0.0,0.0,0.0,0.0,0.0,0.0,0.0,0.0,0.0,0.0,0.0,0.0,0.0,0.0,0.0,0.0,0.0,0.0,0.0,0.0,0.0,0.0,0.0,0.0,0.0,0.0,0.0,0.0,0.0,0.0
490145,TOT,Scarlett,F,2.6,0.0,0.0,0.0,0.0,0.0,0.0,0.0,0.0,0.0,0.0,0.0,0.0,0.0,0.0,0.0,0.0,0.0,0.0,0.0,0.0,0.0,0.0,0.0,0.0,0.0,0.0,0.0,0.0,0.0,0.0,0.0,0.0,0.0,0.0,0.0,0.0
243557,AVL,Diaby,M,4.0,0.0,0.0,0.0,0.0,0.0,0.0,0.0,0.0,0.0,0.0,0.0,0.0,0.0,0.0,0.0,0.0,0.0,0.0,0.0,0.0,0.0,0.0,0.0,0.0,0.0,0.0,0.0,0.0,0.0,0.0,0.0,0.0,0.0,0.0,0.0,0.0
641221,WOL,Pedro Lima,D,2.5,0.0,0.0,0.0,0.0,0.0,0.0,0.0,0.0,0.0,0.0,0.0,0.0,0.0,0.0,0.0,0.0,0.0,0.0,0.0,0.0,0.0,0.0,0.0,0.0,0.0,0.0,0.0,0.0,0.0,0.0,0.0,0.0,0.0,0.0,0.0,0.0
246265,IPS,Ndaba,D,2.1,0.0,0.0,0.0,0.0,0.0,0.0,0.0,0.0,0.0,0.0,0.0,0.0,0.0,0.0,0.0,0.0,0.0,0.0,0.0,0.0,0.0,0.0,0.0,0.0,0.0,0.0,0.0,0.0,0.0,0.0,0.0,0.0,0.0,0.0,0.0,0.0
517178,IPS,Baggott,D,2.1,0.0,0.0,0.0,0.0,0.0,0.0,0.0,0.0,0.0,0.0,0.0,0.0,0.0,0.0,0.0,0.0,0.0,0.0,0.0,0.0,0.0,0.0,0.0,0.0,0.0,0.0,0.0,0.0,0.0,0.0,0.0,0.0,0.0,0.0,0.0,0.0
550864,MUN,Yoro,D,3.5,0.0,0.0,0.0,0.0,0.0,0.0,0.0,0.0,0.0,0.0,0.0,0.0,0.0,0.0,0.0,0.0,0.0,0.0,0.0,0.0,0.0,0.0,0.0,0.0,0.0,0.0,0.0,0.0,0.0,0.0,0.0,0.0,0.0,0.0,0.0,0.0
132015,TOT,Højbjerg,M,3.6,0.0,0.0,0.0,0.0,0.0,0.0,0.0,0.0,0.0,0.0,0.0,0.0,0.0,0.0,0.0,0.0,0.0,0.0,0.0,0.0,0.0,0.0,0.0,0.0,0.0,0.0,0.0,0.0,0.0,0.0,0.0,0.0,0.0,0.0,0.0,0.0
436680,LEI,Stolarczyk,G,2.2,0.0,0.0,0.0,0.0,0.0,0.0,0.0,0.0,0.0,0.0,0.0,0.0,0.0,0.0,0.0,0.0,0.0,0.0,0.0,0.0,0.0,0.0,0.0,0.0,0.0,0.0,0.0,0.0,0.0,0.0,0.0,0.0,0.0,0.0,0.0,0.0
21205,MUN,Heaton,G,2.5,0.0,0.0,0.0,0.0,0.0,0.0,0.0,0.0,0.0,0.0,0.0,0.0,0.0,0.0,0.0,0.0,0.0,0.0,0.0,0.0,0.0,0.0,0.0,0.0,0.0,0.0,0.0,0.0,0.0,0.0,0.0,0.0,0.0,0.0,0.0,0.0
197464,LIV,N.Phillips,D,2.7,0.0,0.0,0.0,0.0,0.0,0.0,0.0,0.0,0.0,0.0,0.0,0.0,0.0,0.0,0.0,0.0,0.0,0.0,0.0,0.0,0.0,0.0,0.0,0.0,0.0,0.0,0.0,0.0,0.0,0.0,0.0,0.0,0.0,0.0,0.0,0.0
220237,NEW,Botman,D,3.5,0.0,0.0,0.0,0.0,0.0,0.0,0.0,0.0,0.0,0.0,0.0,0.0,0.0,0.0,0.0,0.0,0.0,0.0,0.0,0.0,0.0,0.0,0.0,0.0,0.0,0.0,0.0,0.0,0.0,0.0,0.0,0.0,0.0,0.0,0.0,0.0
200428,SOU,Lis,G,2.1,0.0,0.0,0.0,0.0,0.0,0.0,0.0,0.0,0.0,0.0,0.0,0.0,0.0,0.0,0.0,0.0,0.0,0.0,0.0,0.0,0.0,0.0,0.0,0.0,0.0,0.0,0.0,0.0,0.0,0.0,0.0,0.0,0.0,0.0,0.0,0.0
549640,LEI,Golding,D,2.1,0.0,0.0,0.0,0.0,0.0,0.0,0.0,0.0,0.0,0.0,0.0,0.0,0.0,0.0,0.0,0.0,0.0,0.0,0.0,0.0,0.0,0.0,0.0,0.0,0.0,0.0,0.0,0.0,0.0,0.0,0.0,0.0,0.0,0.0,0.0,0.0
